,代码,名称,最新价,涨跌额,涨跌幅,昨收,今开,最高,最低,成交量,成交额
0,sh000001,上证指数,3514.471,37.339,1.074,3477.1321,3482.2658,3522.6973,3481.1409,430236463,616084137942
1,sh000002,Ａ股指数,3683.4484,39.202,1.076,3644.2467,3649.6368,3692.0685,3648.4529,429877276,615728054741
2,sh000003,Ｂ股指数,264.3974,-0.177,-0.067,264.5745,264.5348,265.8193,263.767,334026,181661466
3,sh000004,工业指数,3325.4533,43.508,1.326,3281.9452,3289.5378,3335.6508,3285.9256,285405715,460079634499
4,sh000005,商业指数,2896.9008,16.641,0.578,2880.2594,2879.1019,2906.8476,2873.8959,23631919,26430192607
5,sh000006,地产指数,5615.0633,-2.7,-0.048,5617.7634,5616.6931,5673.9279,5589.599,4663823,3894868345
6,sh000007,公用指数,4118.9741,17.435,0.425,4101.5396,4102.8959,4134.937,4097.8582,38963847,23836134046
7,sh000008,综合指数,2806.8194,23.03,0.827,2783.7893,2784.8595,2814.1694,2780.9909,77571159,101843308444
8,sh000009,上证380,6487.2137,58.729,0.914,6428.4851,6427.5451,6493.7121,6414.6435,90526821,127569058321
9,sh000010,上证180,9919.1926,132.671,1.356,9786.5218,9803.7712,9952.0039,9800.3978,145597990,259558333809
10,sh000011,基金指数,7596.156,64.181,0.852,7531.9745,7535.937,7607.5592,7531.3967,254196622,76285780368
11,sh000012,国债指数,188.9681,0.004,0.002,188.9643,188.9815,188.9815,188.9356,723099,724585810
12,sh000013,企债指数,0.0,0.0,0.0,0.0,0.0,0.0,0.0,0,0
13,sh000015,红利指数,2823.9406,22.167,0.791,2801.7733,2813.8695,2834.6903,2807.5201,22395565,18293366019
14,sh000016,上证50,3147.7685,47.882,1.545,3099.8867,3106.2302,3160.5576,3104.9717,38208245,119776461629
15,sh000017,新综指,2970.1377,31.61,1.076,2938.5275,2942.8738,2977.0885,2941.9192,396130162,555958594769
16,sh000018,180金融,5070.4495,45.344,0.902,5025.1058,5022.3206,5090.8197,4989.5683,43751241,59787737715
17,sh000019,治理指数,1108.1232,6.649,0.604,1101.4743,1103.186,1110.518,1100.7705,130549299,155034296417
18,sh000020,中型综指,1519.8917,14.762,0.981,1505.1298,1506.7688,1521.9891,1500.0083,42703487,86549112650
19,sh000021,180治理,1006.7762,5.367,0.536,1001.4094,1002.9125,1009.4675,999.3745,77135047,111827611324
20,sh000022,沪公司债,217.3468,0.051,0.023,217.2959,217.3202,217.3757,217.3191,600026,589486507
21,sh000025,180基建,1491.7766,5.519,0.371,1486.2571,1489.2236,1496.0369,1479.8581,17581978,10027628541
22,sh000026,180资源,3406.9365,100.917,3.053,3306.0196,3321.5139,3447.2615,3321.5139,19945512,35926544708
23,sh000027,180运输,789.0017,0.064,0.008,788.9376,790.378,797.741,784.3438,4166602,7662233778
24,sh000028,180成长,5123.5055,64.903,1.283,5058.6027,5073.5428,5148.1504,5069.4545,31239884,124002927105
25,sh000029,180价值,3841.6334,23.769,0.623,3817.8646,3822.9839,3854.4757,3802.4433,60171401,69725827354
26,sh000030,180R成长,3118.2526,51.828,1.69,3066.4247,3075.3658,3131.4527,3073.4121,99081285,215090147325
27,sh000031,180R价值,2883.0974,23.528,0.823,2859.5696,2861.0841,2890.4064,2856.2996,128012802,160813047574
28,sh000032,上证能源,1341.1878,20.309,1.538,1320.8784,1344.4769,1348.3631,1333.034,22444372,15067962600
29,sh000033,上证材料,3188.3483,62.541,2.001,3125.8075,3132.1041,3207.4082,3132.1041,69080247,78559128307
30,sh000034,上证工业,2925.5242,23.782,0.82,2901.7423,2901.5032,2942.4252,2896.1372,30056943,63480819991
31,sh000035,上证可选,3775.8081,33.9,0.906,3741.9079,3747.3524,3792.0621,3739.5656,12574643,23510990015
32,sh000036,上证消费,16189.7731,329.554,2.078,15860.2196,15928.5415,16266.2112,15820.1668,2835827,24461315069
33,sh000037,上证医药,9375.3443,149.41,1.619,9225.9339,9280.1168,9415.2838,9253.4592,4618659,27769702459
34,sh000038,上证金融,4815.0017,36.616,0.766,4778.3857,4775.0693,4834.1263,4743.9874,23860753,37521559638
35,sh000039,上证信息,4930.8067,24.51,0.5,4906.2967,4907.6827,4948.9546,4842.592,5825335,35742527748
36,sh000040,上证电信,2764.2595,19.61,0.714,2744.6492,2747.1045,2773.3855,2742.1743,4314155,6813842762
37,sh000041,上证公用,2026.8041,19.024,0.948,2007.7801,2011.7617,2036.8634,2006.78,19285568,11831226048
38,sh000042,上证央企,1589.754,8.431,0.533,1581.3228,1583.1592,1593.658,1576.3217,31857363,49017540986
39,sh000043,超大盘,2519.9546,32.46,1.305,2487.4944,2495.1946,2527.1354,2494.6447,15161119,67940222556
40,sh000044,上证中盘,4400.783,46.43,1.066,4354.3526,4360.1354,4411.1242,4356.7173,107389745,139781872180
41,sh000045,上证小盘,5283.1333,43.302,0.826,5239.8315,5241.9883,5293.8731,5231.0131,120241019,142485319567
42,sh000046,上证中小,4835.4283,45.957,0.96,4789.4717,4793.879,4845.7768,4789.0315,227630764,282267191747
43,sh000047,上证全指,3878.4256,47.061,1.228,3831.3645,3836.8722,3889.9769,3835.1466,265839009,402043653376
44,sh000048,责任指数,1489.3084,5.377,0.362,1483.9314,1485.1726,1494.693,1477.653,34213461,64989276901
45,sh000049,上证民企,2816.4727,43.016,1.551,2773.4567,2782.6625,2833.9386,2770.7115,28935199,93793106854
46,sh000050,50等权,2505.8959,34.753,1.406,2471.1431,2474.6933,2512.7545,2474.3952,38208245,119776461629
47,sh000051,180等权,9861.5943,117.543,1.206,9744.051,9747.8879,9880.154,9743.9399,145597990,259558333809
48,sh000052,50基本,2650.5014,13.362,0.507,2637.139,2638.9447,2658.6674,2626.5936,38208245,119776461629
49,sh000053,180基本,10443.5401,53.599,0.516,10389.9414,10399.1265,10470.7047,10373.5596,145597990,259558333809
50,sh000054,上证海外,1354.245,13.463,1.004,1340.782,1343.1115,1360.898,1341.2874,54492343,82809846889
51,sh000055,上证地企,1466.4132,27.471,1.909,1438.9417,1441.7149,1471.6834,1441.325,64103702,88577270814
52,sh000056,上证国企,1192.7829,14.582,1.238,1178.2011,1180.0668,1195.7408,1179.6613,95961065,137594811800
53,sh000057,全指成长,5223.2531,68.707,1.333,5154.5464,5163.8513,5244.4735,5155.9808,46914918,167489024261
54,sh000058,全指价值,3978.2563,23.964,0.606,3954.2922,3960.2177,3990.4224,3944.6141,103683914,101840597999
55,sh000059,全R成长,3984.9219,62.221,1.586,3922.7008,3930.0344,3999.7913,3922.8314,176463610,323857388866
56,sh000060,全R价值,3707.6458,31.194,0.848,3676.4514,3680.0507,3716.294,3679.5216,233232606,258208962604
57,sh000061,沪企债30,160.2368,0.038,0.024,160.1985,160.2129,160.2665,160.1905,90842,90719205
58,sh000062,上证沪企,2066.4055,24.558,1.203,2041.8474,2046.5846,2075.9989,2043.298,20267664,35918358067
59,sh000063,上证周期,3288.0769,35.211,1.082,3252.8663,3256.2806,3303.9148,3255.1742,50635572,93981749466
60,sh000064,非周期,4014.4768,54.717,1.382,3959.7596,3968.607,4026.1168,3963.7922,42157962,132067450638
61,sh000065,上证龙头,3667.3704,23.364,0.641,3644.0059,3652.7369,3676.0605,3650.3381,42257547,114844019603
62,sh000066,上证商品,2829.262,58.851,2.124,2770.411,2791.6689,2851.1708,2788.5163,54807568,72528440335
63,sh000067,上证新兴,10255.1418,104.986,1.034,10150.1558,10142.2034,10317.2009,10116.3591,32938123,117633756922
64,sh000068,上证资源,2744.7289,63.922,2.384,2680.8072,2697.8513,2773.6208,2697.8513,50730928,68532772545
65,sh000069,消费80,7041.6789,123.18,1.78,6918.4989,6948.0343,7064.4616,6929.2641,15106371,68973868706
66,sh000070,能源等权,2263.6041,38.958,1.751,2224.646,2273.1717,2275.807,2246.6029,22444372,15067962600
67,sh000071,材料等权,4418.3486,92.252,2.132,4326.0967,4329.9486,4438.3092,4329.5559,69080247,78559128307
68,sh000072,工业等权,3585.8625,30.595,0.861,3555.2671,3543.9177,3590.4282,3535.4814,30056943,63480819991
69,sh000073,可选等权,3658.9481,42.711,1.181,3616.2368,3618.4463,3661.2864,3614.1949,12574643,23510990015
70,sh000074,消费等权,10721.4344,125.401,1.183,10596.0335,10624.5393,10768.5632,10551.3106,2835827,24461315069
71,sh000075,医药等权,10329.5006,101.942,0.997,10227.5581,10247.2772,10351.1613,10228.5862,4618659,27769702459
72,sh000076,金融等权,4246.5447,25.246,0.598,4221.2986,4216.6193,4259.4984,4198.5716,23860753,37521559638
73,sh000077,信息等权,5838.7386,14.996,0.257,5823.743,5816.6376,5853.7659,5722.1804,5825335,35742527748
74,sh000078,电信等权,2228.2529,-12.746,-0.569,2240.9991,2233.7451,2239.4457,2215.7115,4314155,6813842762
75,sh000079,公用等权,2188.4751,39.794,1.852,2148.6807,2154.17,2194.1787,2149.9848,19285568,11831226048
76,sh000090,上证流通,1374.9364,16.139,1.188,1358.7976,1360.7156,1378.429,1360.161,396130162,555958594769
77,sh000091,沪财中小,11072.4006,121.669,1.111,10950.7318,10987.8035,11091.2413,10972.2809,35130685,51532873116
78,sh000092,资源50,3793.8542,65.591,1.759,3728.2628,3745.72,3824.3168,3745.72,49649191,75126745785
79,sh000093,180分层,12389.1448,167.93,1.374,12221.2146,12252.7752,12420.949,12248.1021,145597990,259558333809
80,sh000094,上证上游,2978.0901,75.193,2.59,2902.8973,2922.2747,3010.7364,2922.2747,50038038,67989280510
81,sh000095,上证中游,3956.9081,32.491,0.828,3924.4175,3923.2717,3972.4204,3913.2125,111444019,171055341283
82,sh000096,上证下游,5458.5202,95.855,1.787,5362.6656,5382.4048,5476.3612,5365.1477,31296620,83539665434
83,sh000097,高端装备,10585.7074,24.237,0.229,10561.47,10489.9892,10587.8778,10412.7897,30610869,72068539746
84,sh000098,上证F200,4394.589,18.879,0.431,4375.7099,4379.5556,4405.0243,4368.5378,167351425,204036198209
85,sh000099,上证F300,8204.6561,93.685,1.155,8110.9713,8128.2539,8213.2004,8124.4449,106833483,159442819825
86,sh000100,上证F500,5048.4934,27.421,0.546,5021.0725,5026.4815,5059.0952,5019.4822,274184908,363479018034
87,sh000101,5年信用,215.6872,0.032,0.015,215.6551,215.683,215.6889,215.6818,5936,4941644
88,sh000102,沪投资品,7262.3172,128.872,1.807,7133.4453,7151.1252,7319.0867,7147.5443,46420294,95063891362
89,sh000103,沪消费品,12791.4988,218.55,1.738,12572.9488,12626.5892,12824.7694,12576.7094,6401308,47832488719
90,sh000104,380能源,1269.2734,23.302,1.87,1245.9718,1279.12,1282.2193,1259.3162,11483708,8926648144
91,sh000105,380材料,6277.3427,84.524,1.365,6192.819,6189.7432,6313.6553,6172.2606,22524935,36682070640
92,sh000106,380工业,5980.9788,43.384,0.731,5937.5948,5926.1959,5983.3181,5911.3265,23845235,31176071247
93,sh000107,380可选,6063.25,65.316,1.089,5997.9343,6011.5473,6081.6048,5998.5474,3315700,6783349852
94,sh000108,380消费,14025.3448,33.281,0.238,13992.0638,13985.662,14078.3457,13918.4278,1673320,3501148245
95,sh000109,380医药,14457.068,326.065,2.307,14131.0032,14133.8045,14482.9954,14093.6884,2497371,6634847713
96,sh000110,380金融,3019.4647,26.377,0.881,2993.0879,2993.2341,3023.642,2991.3826,8981691,6613871807
97,sh000111,380信息,9715.3365,-35.538,-0.364,9750.8744,9689.1964,9751.9888,9516.1363,3824436,17459601466
98,sh000112,380电信,4839.7928,-6.673,-0.138,4846.4663,4847.8337,4895.3373,4813.9941,467956,1658383650
99,sh000113,380公用,2209.7875,19.517,0.891,2190.2703,2187.4938,2223.7991,2183.6311,11912469,8133065557
100,sh000114,持续产业,1800.4154,24.106,1.357,1776.3092,1783.9495,1819.8579,1778.3461,24723028,42098329984
101,sh000115,380等权,8147.754,73.305,0.908,8074.4493,8078.1821,8152.0564,8065.9263,90526821,127569058321
102,sh000116,信用100,187.2017,0.499,0.267,186.703,186.7789,187.2062,186.4569,107017,96547436
103,sh000117,380成长,6290.7552,44.188,0.707,6246.5675,6232.6149,6290.8801,6208.8391,17903292,38335695372
104,sh000118,380价值,8299.5916,83.292,1.014,8216.2992,8241.9428,8310.7784,8231.1218,46318917,38641042294
105,sh000119,380R成长,5548.4724,42.758,0.777,5505.7144,5495.0214,5552.6206,5472.9877,52436273,95379100138
106,sh000120,380R价值,7609.4719,78.982,1.049,7530.4895,7542.7458,7619.1165,7531.7744,80851898,95684447060
107,sh000121,医药主题,11816.5984,139.612,1.196,11676.9861,11694.5,11840.3661,11675.7992,5536948,28858924925
108,sh000122,农业主题,1988.1813,8.612,0.435,1979.5693,1978.991,1995.6673,1969.0984,6922415,14148572362
109,sh000123,180动态,8979.253,189.731,2.159,8789.5219,8812.4928,9014.0274,8811.9729,87203623,169662840811
110,sh000125,180稳定,11030.9415,93.113,0.851,10937.8288,10951.2616,11065.9626,10921.8109,58394367,89895492998
111,sh000126,消费50,11658.5953,174.823,1.522,11483.7724,11517.7825,11705.5097,11474.5394,11060043,42240556530
112,sh000128,380基本,7162.3498,49.858,0.701,7112.4923,7121.3993,7169.3953,7108.8981,90526821,127569058321
113,sh000129,180波动,13077.4787,118.185,0.912,12959.2933,12966.9333,13101.2039,12941.6514,100206361,110829412137
114,sh000130,380波动,9987.1475,82.753,0.836,9904.3946,9916.8991,9990.2503,9906.876,31268957,18885140892
115,sh000131,上证高新,2134.2248,-13.079,-0.609,2147.3043,2143.3177,2143.3177,2124.9924,7144978,14768425218
116,sh000132,上证100,7998.7331,120.208,1.526,7878.5251,7871.9323,8012.4321,7857.0449,18477339,37303546523
117,sh000133,上证150,5463.5345,104.31,1.946,5359.2241,5371.6172,5468.6839,5345.9197,10169297,17337507513
118,sh000134,上证银行,794.1297,3.548,0.449,790.5818,791.1865,798.3541,787.6864,14137135,11084339850
119,sh000135,180高贝,7371.7956,120.13,1.657,7251.6657,7240.0267,7392.876,7238.2565,55681074,124056136075
120,sh000136,180低贝,10277.1666,114.298,1.125,10162.8685,10181.9691,10299.2065,10175.0584,67013028,44376045854
121,sh000137,380高贝,6144.2542,49.024,0.804,6095.23,6076.964,6161.7534,6044.8021,28446103,66873727448
122,sh000138,380低贝,6011.7542,62.061,1.043,5949.6928,5962.1415,6013.0232,5957.6586,28615756,17403479279
123,sh000139,上证转债,349.4495,2.013,0.579,347.4365,347.9466,349.5538,347.9466,14378138,26283616752
124,sh000141,380动态,4491.506,50.241,1.131,4441.2646,4435.6242,4497.2504,4421.8402,43958490,86013409220
125,sh000142,380稳定,8526.0625,56.811,0.671,8469.2516,8478.6284,8533.1381,8470.9256,46568331,41555649101
126,sh000145,优势资源,5566.4348,137.073,2.525,5429.3616,5459.3504,5632.4895,5459.3504,42378665,64807174591
127,sh000146,优势制造,10381.8484,107.762,1.049,10274.0868,10225.6076,10408.8427,10183.244,28585271,70969084597
128,sh000147,优势消费,9727.673,118.325,1.231,9609.3481,9644.7948,9760.5878,9591.8387,6424515,38545060872
129,sh000148,消费领先,10734.5071,150.883,1.426,10583.6243,10624.0002,10756.7061,10606.4402,33056816,100104710460
130,sh000149,180红利,3102.0129,18.533,0.601,3083.4803,3088.426,3115.3421,3087.8755,17547925,16511662664
131,sh000150,380红利,9780.8817,123.454,1.278,9657.428,9717.7962,9808.3521,9670.0195,9915182,9584607446
132,sh000151,上国红利,1192.7955,6.047,0.51,1186.7485,1195.2212,1197.7634,1182.5792,15989288,11166756108
133,sh000152,上央红利,2035.833,16.983,0.841,2018.8504,2024.5068,2041.4265,2018.1114,17937689,15583575746
134,sh000153,上民红利,3095.0784,70.23,2.322,3024.8488,3023.9519,3106.4786,3023.1003,8233449,13231526886
135,sh000155,市值百强,3261.2914,40.912,1.27,3220.3791,3226.1601,3274.3667,3224.7876,74698673,190266547258
136,sh000158,上证环保,2302.3672,54.092,2.406,2248.2749,2255.349,2319.4083,2253.2601,20305157,46748279670
137,sh000159,沪股通,3641.0315,44.509,1.238,3596.5227,3601.374,3651.0514,3599.7577,248849990,395911089750
138,sh000160,沪新丝路,1873.5443,8.922,0.478,1864.6225,1869.8873,1880.9397,1865.9763,74988936,59399215317
139,sh000161,沪中国造,2370.4187,6.779,0.287,2363.6396,2354.7319,2374.4259,2345.0164,70289245,163539455881
140,sh000162,沪互联+,3364.6017,12.776,0.381,3351.8253,3352.0733,3370.5222,3342.4025,20754529,52215456311
141,sh000170,50AH优选,5814.7127,77.967,1.359,5736.7462,5758.2782,5841.7061,5753.8487,22602888,84670252573
142,sh000171,新兴成指,0.0,0.0,0.0,0.0,0.0,0.0,0.0,0,0
143,sh000188,中国波指,0.0,0.0,0.0,0.0,0.0,0.0,0.0,0,0
144,sh000300,沪深300,4888.3902,52.512,1.086,4835.8782,4844.5925,4906.2036,4842.7476,197883163,417481426158
145,sh000682,科创信息,1725.8845,4.165,0.242,1721.7197,1721.9541,1735.0999,1703.0528,1970273,16610498063
146,sh000688,科创50,1578.0306,13.92,0.89,1564.1108,1567.6996,1586.5219,1550.8781,11717098,69500388700
147,sh000802,500沪市,7422.6371,60.646,0.824,7361.9915,7359.8668,7429.029,7345.9051,102379799,115781898816
148,sh000805,A股资源,0.0,0.0,0.0,0.0,0.0,0.0,0.0,0,0
149,sh000806,消费服务,0.0,0.0,0.0,0.0,0.0,0.0,0.0,0,0
150,sh000807,食品饮料,0.0,0.0,0.0,0.0,0.0,0.0,0.0,0,0
151,sh000808,医药生物,0.0,0.0,0.0,0.0,0.0,0.0,0.0,0,0
152,sh000816,细分地产,0.0,0.0,0.0,0.0,0.0,0.0,0.0,0,0
153,sh000819,有色金属,7512.926,190.401,2.6,7322.5255,7337.3265,7632.1603,7337.3265,54045214,93991494542
154,sh000821,300红利,0.0,0.0,0.0,0.0,0.0,0.0,0.0,0,0
155,sh000823,800有色,7760.3513,250.101,3.33,7510.2499,7546.5421,7878.4163,7546.5421,44612597,72441859667
156,sh000827,中证环保,2729.7613,51.351,1.917,2678.4103,2689.8341,2764.0138,2680.1439,63174340,126039783703
157,sh000828,300高贝,0.0,0.0,0.0,0.0,0.0,0.0,0.0,0,0
158,sh000832,中证转债,0.0,0.0,0.0,0.0,0.0,0.0,0.0,0,0
159,sh000833,中高企债,0.0,0.0,0.0,0.0,0.0,0.0,0.0,0,0
160,sh000841,800医药,0.0,0.0,0.0,0.0,0.0,0.0,0.0,0,0
161,sh000842,800等权,0.0,0.0,0.0,0.0,0.0,0.0,0.0,0,0
162,sh000846,ESG 100,0.0,0.0,0.0,0.0,0.0,0.0,0.0,0,0
163,sh000847,腾讯济安,2872.8896,14.851,0.52,2858.0381,2861.0083,2878.782,2857.6491,28710051,51895134704
164,sh000849,300非银,9876.1646,132.9,1.364,9743.2648,9726.0207,9962.112,9658.3123,40911675,68409528622
165,sh000851,百发100,21582.7135,295.98,1.39,21286.7332,21348.0172,21681.2786,21211.7283,38056463,208212223956
166,sh000852,中证1000,7715.0732,62.515,0.817,7652.5587,7654.189,7737.5973,7614.942,212658510,322685537102
167,sh000853,CSSW丝路,1929.0788,12.906,0.674,1916.1725,1922.3556,1938.3638,1919.7359,41358966,110288008640
168,sh000854,500原料,6183.717,118.57,1.955,6065.1472,6096.3138,6210.7908,6094.1176,64073955,69179572919
169,sh000855,央视500,1699.0929,17.676,1.051,1681.4166,1684.1066,1704.5418,1683.3194,250135587,543588192514
170,sh000856,500工业,7141.4934,66.046,0.933,7075.4471,7042.1554,7142.5131,7004.5726,51296789,65766388993
171,sh000857,500医药,13919.2492,140.595,1.02,13778.6539,13810.0205,13931.6897,13749.2183,5355212,9436837722
172,sh000858,500信息,8426.1135,19.82,0.236,8406.2937,8415.6895,8456.7129,8280.8703,15107287,29071819858
173,sh000860,结构调整,1198.3143,2.658,0.222,1195.6568,1193.1033,1200.1774,1190.4995,57334337,76305044480
174,sh000865,上海国企,1346.8327,11.458,0.858,1335.3744,1335.2865,1348.8419,1334.7824,17035647,25587852113
175,sh000867,港中小企,3286.6886,60.103,1.863,3226.5853,3251.1424,3287.8354,3251.1424,11209887,9912738400
176,sh000869,HK银行,2806.2771,-15.685,-0.556,2821.962,2832.4203,2834.5624,2796.3093,6492490,4434936890
177,sh000891,新兴综指,1888.9742,16.465,0.879,1872.5097,1873.4236,1896.2848,1862.7367,350824377,688633387097
178,sh000901,小康指数,5513.6353,40.153,0.734,5473.4826,5483.6401,5527.696,5480.7458,112609682,149735529581
179,sh000903,中证100,4649.5106,54.781,1.192,4594.7293,4605.394,4666.94,4603.6592,68673609,181827907960
180,sh000904,中证200,0.0,0.0,0.0,0.0,0.0,0.0,0.0,0,0
181,sh000905,中证500,7090.7817,66.217,0.943,7024.5647,7031.6481,7098.0287,7009.6901,202726895,236479323512
182,sh000906,中证800,5251.9221,54.632,1.051,5197.2901,5205.6558,5267.6406,5203.5064,400610058,653960749670
183,sh000908,300能源,0.0,0.0,0.0,0.0,0.0,0.0,0.0,0,0
184,sh000909,300材料,0.0,0.0,0.0,0.0,0.0,0.0,0.0,0,0
185,sh000910,300工业,0.0,0.0,0.0,0.0,0.0,0.0,0.0,0,0
186,sh000911,300可选,0.0,0.0,0.0,0.0,0.0,0.0,0.0,0,0
187,sh000912,300消费,0.0,0.0,0.0,0.0,0.0,0.0,0.0,0,0
188,sh000913,300医药,15341.4158,289.993,1.927,15051.4231,15122.9304,15407.7617,15063.8121,7218281,47695098796
189,sh000914,300金融,6189.7863,48.849,0.795,6140.9376,6139.1717,6215.3277,6099.6803,58679347,85814334338
190,sh000917,300公用,0.0,0.0,0.0,0.0,0.0,0.0,0.0,0,0
191,sh000918,300成长,0.0,0.0,0.0,0.0,0.0,0.0,0.0,0,0
192,sh000919,300价值,0.0,0.0,0.0,0.0,0.0,0.0,0.0,0,0
193,sh000922,中证红利,0.0,0.0,0.0,0.0,0.0,0.0,0.0,0,0
194,sh000925,基本面50,0.0,0.0,0.0,0.0,0.0,0.0,0.0,0,0
195,sh000928,中证能源,1915.2897,25.64,1.357,1889.6499,1924.5104,1928.0608,1904.8703,17676452,15494611197
196,sh000931,中证可选,0.0,0.0,0.0,0.0,0.0,0.0,0.0,0,0
197,sh000932,中证消费,21538.8922,397.011,1.878,21141.8814,21228.5563,21641.0698,21066.2567,7889820,46022550083
198,sh000933,中证医药,13964.4415,238.606,1.738,13725.8356,13784.1937,14013.5297,13729.3364,12573492,57131936530
199,sh000934,中证金融,5843.345,42.613,0.735,5800.7321,5798.5378,5867.1642,5761.5148,75693083,95385092474
200,sh000935,中证信息,5692.9525,-0.799,-0.014,5693.7512,5695.4629,5713.7263,5650.1222,33305134,77377566531
201,sh000939,民企200,0.0,0.0,0.0,0.0,0.0,0.0,0.0,0,0
202,sh000940,财富大盘,0.0,0.0,0.0,0.0,0.0,0.0,0.0,0,0
203,sh000944,内地资源,0.0,0.0,0.0,0.0,0.0,0.0,0.0,0,0
204,sh000950,300基建,0.0,0.0,0.0,0.0,0.0,0.0,0.0,0,0
205,sh000951,300银行,0.0,0.0,0.0,0.0,0.0,0.0,0.0,0,0
206,sh000952,300地产,0.0,0.0,0.0,0.0,0.0,0.0,0.0,0,0
207,sh000957,300运输,0.0,0.0,0.0,0.0,0.0,0.0,0.0,0,0
208,sh000958,创业成长,0.0,0.0,0.0,0.0,0.0,0.0,0.0,0,0
209,sh000959,银河99,0.0,0.0,0.0,0.0,0.0,0.0,0.0,0,0
210,sh000961,中证上游,0.0,0.0,0.0,0.0,0.0,0.0,0.0,0,0
211,sh000963,中证下游,0.0,0.0,0.0,0.0,0.0,0.0,0.0,0,0
212,sh000964,中证新兴,0.0,0.0,0.0,0.0,0.0,0.0,0.0,0,0
213,sh000966,基本400,0.0,0.0,0.0,0.0,0.0,0.0,0.0,0,0
214,sh000969,300非周,0.0,0.0,0.0,0.0,0.0,0.0,0.0,0,0
215,sh000971,等权90,0.0,0.0,0.0,0.0,0.0,0.0,0.0,0,0
216,sh000974,800金融,6248.9078,50.167,0.809,6198.7408,6196.378,6277.453,6156.6304,67271644,89009161144
217,sh000975,钱江30,0.0,0.0,0.0,0.0,0.0,0.0,0.0,0,0
218,sh000977,内地低碳,0.0,0.0,0.0,0.0,0.0,0.0,0.0,0,0
219,sh000978,医药100,0.0,0.0,0.0,0.0,0.0,0.0,0.0,0,0
220,sh000979,大宗商品,0.0,0.0,0.0,0.0,0.0,0.0,0.0,0,0
221,sh000982,500等权,8049.1784,55.985,0.7,7993.1937,7995.3575,8053.1433,7975.0756,202726895,236479323512
222,sh000983,智能资产,0.0,0.0,0.0,0.0,0.0,0.0,0.0,0,0
223,sh000984,300等权,0.0,0.0,0.0,0.0,0.0,0.0,0.0,0,0
224,sh000986,全指能源,1785.8105,28.064,1.597,1757.7469,1791.6695,1794.9121,1775.9814,32524505,24611694137
225,sh000987,全指材料,4850.2808,83.426,1.75,4766.8549,4776.818,4871.8922,4776.7036,209471159,276081308850
226,sh000989,全指可选,5720.1355,25.236,0.443,5694.8993,5704.0861,5736.6091,5690.8917,60132375,88996234593
227,sh000990,全指消费,0.0,0.0,0.0,0.0,0.0,0.0,0.0,0,0
228,sh000991,全指医药,13871.9001,236.386,1.734,13635.5144,13708.2781,13907.5704,13628.5411,26560567,88375542309
229,sh000992,全指金融,5619.8318,45.083,0.809,5574.7487,5573.0923,5642.4961,5542.2272,82574972,101808103422
230,sh000993,全指信息,7276.4532,14.304,0.197,7262.1488,7258.1925,7299.1785,7193.9025,83264295,174213427544
231,sh000998,中证TMT,0.0,0.0,0.0,0.0,0.0,0.0,0.0,0,0
232,sz399001,深证成指,14663.549,127.672,0.878,14535.877,14558.96,14710.007,14496.886,50831646992,792221180979
233,sz399002,深成指R,18377.617,160.244,0.88,18217.373,18246.537,18435.842,18168.74,17493418456,368871807828
234,sz399003,成份Ｂ指,8138.305,11.513,0.142,8126.792,8136.329,8174.819,8111.253,16037730,78921398
235,sz399004,深证100R,8951.976,75.991,0.856,8875.985,8888.048,8985.792,8859.985,4755330703,174809050318
236,sz399005,中小100,9677.363,104.114,1.088,9573.249,9592.514,9710.612,9565.854,3461802300,93059769759
237,sz399006,创业板指,3330.58,36.81,1.118,3293.77,3301.865,3351.927,3269.864,16465103156,327186494821
238,sz399007,深证300,6353.218,58.535,0.93,6294.683,6306.832,6373.173,6282.143,12236884646,287743615894
239,sz399008,中小300,1822.268,17.663,0.979,1804.605,1807.277,1826.76,1801.588,9882309622,169923798583
240,sz399009,深证200,5366.552,58.942,1.111,5307.61,5325.271,5375.801,5287.693,7481553943,112934565577
241,sz399010,深证700,8044.762,43.283,0.541,8001.479,7997.025,8070.717,7953.133,17539362447,241452783820
242,sz399011,深证1000,6878.879,55.858,0.819,6823.021,6831.337,6900.64,6802.11,29776247093,529196399714
243,sz399012,创业300,4470.929,37.813,0.853,4433.116,4438.509,4497.957,4394.042,6840533330,180036568416
244,sz399013,深市精选,6121.359,47.649,0.785,6073.71,6079.155,6133.644,6065.789,14574293827,288948696029
245,sz399015,中小创新,2669.215,14.005,0.527,2655.21,2653.661,2677.691,2640.927,12282828637,160324591886
246,sz399016,深证创新,4898.513,2.888,0.059,4895.625,4893.608,4923.389,4849.665,2054281483,96993498113
247,sz399017,SME创新,3932.198,5.753,0.147,3926.445,3925.84,3942.719,3897.956,2131698677,67397970349
248,sz399018,创业创新,5385.827,24.313,0.453,5361.514,5374.475,5415.919,5305.862,1547494659,78527975793
249,sz399050,创新引擎,3400.728,43.048,1.282,3357.68,3375.354,3407.374,3357.218,1869384130,46945007700
250,sz399088,深创100,4927.541,37.026,0.757,4890.515,4897.32,4952.201,4878.229,3473909139,139929295164
251,sz399100,新 指 数,11241.198,81.146,0.727,11160.052,11168.709,11271.415,11128.73,49374837704,777476283031
252,sz399101,中小综指,13735.434,118.131,0.868,13617.303,13631.217,13755.036,13599.717,20884864902,289373874997
253,sz399102,创业板综,3611.596,22.588,0.629,3589.008,3591.42,3631.784,3559.931,16465103156,327186494821
254,sz399103,乐富指数,8848.725,104.422,1.194,8744.303,8760.395,8867.094,8741.175,10267376078,13696923816
255,sz399106,深证综指,2463.846,18.805,0.769,2445.041,2447.907,2470.318,2438.625,50831646992,792221180979
256,sz399107,深证Ａ指,2578.107,19.699,0.77,2558.408,2561.406,2584.897,2551.677,50805425576,792116466990
257,sz399108,深证Ｂ指,1205.705,2.215,0.184,1203.49,1205.277,1209.022,1202.223,26221416,104713989
258,sz399231,农林指数,1322.692,12.427,0.948,1310.265,1309.243,1330.472,1300.854,408068225,6088587575
259,sz399232,采矿指数,2834.484,-3.552,-0.125,2838.036,2841.92,2911.065,2822.441,1170634913,16374208993
260,sz399233,制造指数,3233.927,21.562,0.671,3212.365,3215.004,3247.134,3198.678,35951893121,620261427606
261,sz399234,水电指数,914.872,12.458,1.381,902.414,903.986,920.602,903.986,1706735861,14318751796
262,sz399235,建筑指数,1130.69,-6.667,-0.586,1137.357,1137.811,1138.028,1126.514,701456456,5357081842
263,sz399236,批零指数,1438.658,5.563,0.388,1433.095,1435.32,1445.142,1433.441,799156960,9127655990
264,sz399237,运输指数,1211.089,42.517,3.638,1168.572,1171.796,1214.561,1166.216,349035641,4037089439
265,sz399238,餐饮指数,972.07,17.962,1.883,954.108,949.701,981.666,945.532,20042626,103643128
266,sz399239,IT指数,1740.452,-1.035,-0.059,1741.487,1744.037,1744.913,1728.628,3253537965,42177959260
267,sz399240,金融指数,1447.277,13.528,0.944,1433.749,1435.408,1461.918,1426.177,1919048046,27565244639
268,sz399241,地产指数,2038.37,14.503,0.717,2023.867,2023.003,2049.91,2020.404,708708892,4965590217
269,sz399242,商务指数,1130.149,10.08,0.9,1120.069,1117.374,1132.523,1114.248,570040355,3928159548
270,sz399243,科研指数,2512.411,79.811,3.281,2432.6,2440.16,2515.573,2438.338,269766672,6259726656
271,sz399244,公共指数,699.918,5.256,0.757,694.662,694.418,702.451,694.055,613708478,4702467547
272,sz399248,文化指数,853.747,-12.608,-1.455,866.355,862.52,862.52,848.499,477532408,3211303752
273,sz399249,综企指数,2435.001,135.941,5.913,2299.06,2291.018,2463.866,2291.018,144945781,2982564670
274,sz399269,创质量,7645.489,86.348,1.142,7559.141,7588.405,7717.096,7474.792,1221875305,76181402619
275,sz399275,创医药,6242.146,104.986,1.711,6137.16,6170.81,6268.749,6102.887,581573046,29805417409
276,sz399276,创科技,7601.489,72.219,0.959,7529.27,7554.362,7679.862,7467.515,992790921,60844189274
277,sz399277,公共健康,3730.345,21.304,0.574,3709.041,3720.896,3741.029,3687.971,800477434,26731515411
278,sz399278,长江100,2552.273,37.707,1.5,2514.566,2523.487,2564.477,2512.578,4338899483,119367174911
279,sz399279,云科技50,3812.888,10.163,0.267,3802.725,3799.953,3831.74,3762.978,1453084475,44521008201
280,sz399280,生物50,4616.365,40.542,0.886,4575.823,4598.594,4634.078,4547.026,466907702,24780265292
281,sz399281,电子50,3946.91,17.876,0.455,3929.034,3938.529,3968.269,3906.505,1820708323,31028167533
282,sz399282,大数据50,4584.892,-19.316,-0.42,4604.208,4603.659,4603.659,4555.341,1181903050,18984758369
283,sz399283,机器人50,3778.756,3.159,0.084,3775.597,3796.629,3796.629,3737.816,1311725654,29446510003
284,sz399284,AI 50,3815.672,-21.643,-0.564,3837.315,3842.596,3842.596,3803.992,1215676187,24168781912
285,sz399285,物联网50,4846.115,20.476,0.424,4825.639,4825.106,4861.254,4782.542,1663986740,50310825038
286,sz399286,区块链50,3660.288,46.265,1.28,3614.023,3617.92,3670.394,3609.393,2665739453,34024265592
287,sz399290,深转交债,167.445,1.34,0.807,166.105,166.236,168.061,166.236,60006144,9060292736
288,sz399291,创精选88,4475.745,18.533,0.416,4457.212,4455.757,4497.581,4409.013,1610572785,36096278720
289,sz399292,民企发展,1290.636,8.342,0.651,1282.294,1285.957,1295.495,1281.344,9033233407,88835407321
290,sz399293,创业大盘,6634.741,81.922,1.25,6552.819,6571.656,6681.585,6502.398,1008755555,78174897744
291,sz399294,中小创Q,3970.217,39.214,0.998,3931.003,3932.836,3978.492,3922.672,1854272322,47933591682
292,sz399295,创业蓝筹,6415.247,77.336,1.22,6337.911,6375.677,6454.381,6292.256,754511005,44336792257
293,sz399296,创成长,8022.171,151.743,1.928,7870.428,7895.595,8092.51,7815.829,1299964849,79889136286
294,sz399297,新浪100,3759.353,-0.823,-0.022,3760.176,3760.518,3777.82,3752.426,1524059834,11653353591
295,sz399298,深信中高,184.0,0.03,0.016,183.97,183.99,184.0,183.972,4509441,450770883
296,sz399299,深信中低,208.703,0.061,0.029,208.642,208.671,208.703,208.671,1433460,142825633
297,sz399300,沪深300,4888.39,52.512,1.086,4835.878,4844.592,4906.204,4842.748,19788316300,417481426158
298,sz399301,深信用债,187.267,0.031,0.017,187.236,187.257,187.267,187.238,4509441,450770883
299,sz399302,深公司债,191.795,0.038,0.02,191.757,191.778,191.795,191.749,4509441,450770883
300,sz399303,国证2000,8554.368,54.472,0.641,8499.896,8505.119,8573.964,8480.422,32595410182,416090843059
301,sz399306,深证ETF,1795.901,21.506,1.212,1774.395,1777.758,1801.265,1772.522,9529808313,12694338757
302,sz399307,深证转债,304.089,1.946,0.644,302.143,302.391,304.931,302.391,216539179,38741013810
303,sz399310,国证A50,7841.969,86.454,1.115,7755.515,7772.879,7869.585,7769.798,3429234558,130260471063
304,sz399311,国证1000,5069.542,54.495,1.087,5015.047,5022.431,5083.989,5018.932,45993555031,762523432641
305,sz399312,国证300,5771.433,65.359,1.145,5706.074,5715.402,5791.354,5711.701,15122117918,397650920104
306,sz399313,巨潮100,5579.017,64.947,1.178,5514.07,5526.084,5599.308,5523.82,6840016380,196402109801
307,sz399314,巨潮大盘,5267.276,63.199,1.214,5204.077,5214.741,5285.877,5213.101,16061467943,352341465490
308,sz399315,巨潮中盘,5094.18,45.378,0.899,5048.802,5052.327,5107.519,5036.134,11140058356,197418402197
309,sz399316,巨潮小盘,5690.774,48.692,0.863,5642.082,5644.156,5699.343,5620.352,18792028732,212763564954
310,sz399317,国证Ａ指,6091.226,58.477,0.969,6032.749,6039.67,6106.631,6033.672,89544285346,1315508114685
311,sz399318,国证Ｂ指,4592.68,7.764,0.169,4584.916,4585.409,4601.775,4580.863,57425487,283697624
312,sz399319,资源优势,2431.403,55.46,2.334,2375.943,2394.59,2453.673,2394.59,11323332818,110691618791
313,sz399320,国证服务,2129.207,24.467,1.162,2104.74,2111.959,2135.752,2109.937,3898689584,35585740729
314,sz399321,国证红利,7124.341,18.202,0.256,7106.139,7112.532,7162.883,7063.989,3639399168,64367688735
315,sz399322,国证治理,9706.865,22.24,0.23,9684.625,9699.44,9754.887,9629.877,2186245238,71971595981
316,sz399324,深证红利,11266.844,44.972,0.401,11221.872,11246.854,11343.078,11165.786,1948203594,44917223797
317,sz399326,成长40,7086.072,40.456,0.574,7045.616,7087.098,7131.663,7006.583,581104851,31258026982
318,sz399328,深证治理,12228.468,97.67,0.805,12130.798,12180.901,12285.037,12120.269,1074115990,47901020236
319,sz399330,深证100,6815.277,57.852,0.856,6757.425,6766.608,6841.022,6745.244,4755330703,174809050318
320,sz399333,中小100R,11082.353,119.703,1.092,10962.65,10985.185,11120.43,10954.655,3461802300,93059769759
321,sz399335,深证央企,5322.996,21.152,0.399,5301.844,5261.76,5335.858,5239.132,2529538233,45347765889
322,sz399337,深证民营,6847.107,78.899,1.166,6768.208,6783.931,6877.071,6758.134,2503239944,120375586729
323,sz399339,深证科技,10065.028,56.331,0.563,10008.697,10009.506,10115.754,9933.733,3832546444,122946534641
324,sz399341,深证责任,2128.485,21.41,1.016,2107.075,2112.225,2134.839,2105.279,3144910347,83214118305
325,sz399344,深证300R,7801.088,71.99,0.931,7729.098,7744.13,7825.59,7713.814,12236884646,287743615894
326,sz399346,深证成长,5138.734,55.37,1.089,5083.364,5100.846,5156.689,5069.65,2176443920,105781973998
327,sz399348,深证价值,6966.264,-0.056,-0.001,6966.32,6974.682,7018.596,6917.944,5423619059,66887210248
328,sz399350,皖江30,2695.621,10.921,0.407,2684.7,2690.485,2723.669,2675.522,1192728378,19504251656
329,sz399351,创新示范,10563.094,96.997,0.927,10466.097,10505.438,10588.021,10467.335,3458103660,80550982418
330,sz399352,深企综指,9445.152,59.6,0.635,9385.552,9405.666,9471.61,9388.994,6430960990,120828584089
331,sz399353,国证物流,2274.565,14.586,0.645,2259.979,2265.232,2281.651,2261.259,1198259451,14331132935
332,sz399354,分析师指数,9671.996,102.228,1.068,9569.768,9590.734,9703.456,9574.636,6355182841,236090902375
333,sz399355,长三角,4127.167,76.33,1.884,4050.837,4067.36,4147.753,4065.94,2666039187,65684634261
334,sz399356,珠三角,11297.56,52.233,0.464,11245.327,11264.688,11338.937,11197.778,2125096376,63493110487
335,sz399357,环渤海,3050.73,9.087,0.299,3041.643,3048.517,3061.202,3041.862,3292971329,44585884296
336,sz399358,国证环保,6976.562,148.318,2.172,6828.244,6874.182,7055.746,6854.429,2700861350,80526918153
337,sz399359,国证基建,2476.565,19.017,0.774,2457.548,2466.636,2484.608,2461.333,3556004606,24610357720
338,sz399360,新硬件,5108.421,2.41,0.047,5106.011,5110.157,5119.315,5073.725,3696161641,58268247757
339,sz399361,在线消费,3724.134,-24.616,-0.657,3748.75,3751.83,3753.98,3712.163,1025472122,10839032583
340,sz399362,民企100,10022.513,139.319,1.41,9883.194,9904.808,10080.118,9868.229,3555969274,180250989647
341,sz399363,云科技,5552.533,24.057,0.435,5528.476,5526.071,5576.099,5487.138,1354096912,51192303779
342,sz399364,消费100,11868.813,123.119,1.048,11745.694,11772.833,11916.855,11733.772,3783153122,158361939047
343,sz399365,国证农业,16257.734,367.297,2.311,15890.437,15951.437,16374.779,15846.914,982409369,55039329820
344,sz399366,国证大宗,2965.782,62.406,2.149,2903.376,2918.004,2985.411,2916.783,12280021695,126405339989
345,sz399367,1000地产,4238.915,15.916,0.377,4222.999,4223.534,4269.102,4212.655,987069083,8382741771
346,sz399368,国证军工,9818.642,-44.745,-0.454,9863.387,9587.087,9830.282,9430.292,1773831633,53263622777
347,sz399369,国证责任,1828.103,18.061,0.998,1810.042,1813.12,1831.801,1812.211,2771020345,66681205708
348,sz399370,国证成长,6192.884,91.739,1.504,6101.145,6123.254,6215.251,6102.395,10793440492,317323851233
349,sz399371,国证价值,6358.422,32.266,0.51,6326.156,6332.193,6377.328,6309.117,18248242415,168958329935
350,sz399372,大盘成长,6373.963,115.126,1.839,6258.837,6286.717,6406.393,6267.032,3298737042,162237150451
351,sz399373,大盘价值,7314.794,27.231,0.374,7287.563,7290.569,7354.978,7235.088,5637477192,68429321386
352,sz399374,中盘成长,6288.704,62.406,1.002,6226.298,6246.023,6307.55,6215.676,2417419301,75790089873
353,sz399375,中盘价值,5607.636,23.968,0.429,5583.668,5587.802,5624.454,5581.252,5046545884,46794714933
354,sz399376,小盘成长,7002.253,53.238,0.766,6949.015,6953.953,7016.635,6909.887,5077284149,79296610908
355,sz399377,小盘价值,7058.008,78.409,1.123,6979.599,7002.414,7073.963,6994.523,7564219339,53734293616
356,sz399378,ESG 300,2965.094,29.483,1.004,2935.611,2943.038,2976.466,2940.62,10279736812,274746875470
357,sz399379,国证基金,9053.223,110.929,1.24,8942.294,8952.748,9072.324,8942.924,35519260939,49891647602
358,sz399380,国证ETF,1799.959,22.522,1.267,1777.437,1779.454,1804.289,1777.214,34547583211,48543859964
359,sz399381,1000能源,2135.231,27.138,1.287,2108.093,2144.545,2149.983,2126.438,2862714497,20210074492
360,sz399382,1000材料,3989.333,75.104,1.919,3914.229,3921.13,4011.343,3920.771,13215077138,171713300227
361,sz399383,1000工业,3354.707,12.248,0.366,3342.459,3334.74,3368.518,3317.655,7701105509,137253084203
362,sz399384,1000可选,4368.205,25.44,0.586,4342.765,4348.291,4380.011,4339.727,2811422821,54805355101
363,sz399385,1000消费,13805.607,259.072,1.912,13546.535,13597.001,13899.739,13506.185,1116290613,56101990106
364,sz399386,1000医药,9745.282,183.827,1.923,9561.455,9618.567,9775.518,9568.935,1432309040,68613782292
365,sz399387,1000金融,4956.417,39.904,0.812,4916.513,4915.061,4978.054,4883.778,7083685320,89162867384
366,sz399388,1000信息,5795.946,39.177,0.681,5756.769,5764.781,5827.553,5717.918,5931276452,130866896227
367,sz399389,国证通信,3590.389,-13.306,-0.369,3603.695,3600.335,3601.983,3574.142,1685831128,23173186863
368,sz399390,1000公用,2170.698,16.152,0.75,2154.546,2159.201,2183.509,2153.686,2166695242,12326632885
369,sz399391,投资时钟,3630.042,51.24,1.432,3578.802,3592.688,3645.323,3591.907,5259801434,104902273088
370,sz399392,国证新兴,3271.303,24.633,0.759,3246.67,3247.798,3281.638,3237.981,5891909175,210947329704
371,sz399393,国证地产,4588.372,20.388,0.446,4567.984,4568.086,4617.075,4559.662,1083736854,9253466516
372,sz399394,国证医药,15007.471,294.972,2.005,14712.499,14807.66,15058.459,14726.503,1114558562,64115743653
373,sz399395,国证有色,7322.987,192.994,2.707,7129.993,7155.661,7436.679,7155.661,5511286265,91831581154
374,sz399396,国证食品,27554.973,641.92,2.385,26913.053,27064.629,27721.525,26827.139,593523583,47288875571
375,sz399397,国证文化,2159.259,5.959,0.277,2153.3,2155.147,2159.75,2140.188,1145026350,23826400661
376,sz399398,绩效指数,12507.882,79.439,0.639,12428.443,12452.872,12530.006,12408.566,1797084186,82664417204
377,sz399399,中经GDP,8352.78,84.083,1.017,8268.697,8279.052,8383.44,8276.163,15209135271,274271005692
378,sz399400,大中盘,4362.17,48.83,1.132,4313.34,4320.659,4376.067,4319.36,27201526299,549759867687
379,sz399401,中小盘,4874.706,42.674,0.883,4832.032,4834.707,4885.026,4817.384,29932087088,410181967150
380,sz399402,周期100,3961.175,36.345,0.926,3924.83,3925.695,3978.843,3925.423,11154785688,184412248938
381,sz399403,防御100,9910.263,179.874,1.849,9730.389,9772.709,9944.438,9717.706,1987511128,98843509170
382,sz399404,大盘低波,4609.475,15.313,0.333,4594.162,4598.495,4624.143,4582.503,3766522008,38189437208
383,sz399405,大盘高贝,3170.619,35.839,1.143,3134.78,3136.214,3189.133,3124.374,3672497172,161648894112
384,sz399406,中盘低波,11791.292,49.524,0.422,11741.768,11744.486,11802.697,11729.193,3596807928,28205918840
385,sz399407,中盘高贝,3364.565,33.575,1.008,3330.99,3330.963,3371.591,3313.003,4296069757,114566619458
386,sz399408,小盘低波,12317.743,80.466,0.658,12237.277,12258.777,12320.697,12238.823,4167852686,31400226975
387,sz399409,小盘高贝,5407.353,42.723,0.796,5364.63,5352.697,5423.589,5318.02,5656844984,109722731700
388,sz399410,苏州率先,2670.061,41.531,1.58,2628.53,2638.551,2680.613,2619.947,1092540719,20970593467
389,sz399411,红利100,3273.995,10.502,0.322,3263.493,3274.064,3283.352,3264.164,3909969412,50539778864
390,sz399412,国证新能,4308.651,99.294,2.359,4209.357,4226.307,4367.733,4205.84,2976437295,124673043729
391,sz399413,国证转债,150.462,0.882,0.59,149.58,149.765,150.628,149.765,361814149,65189120237
392,sz399415,I100,9619.456,103.673,1.089,9515.783,9477.431,9684.188,9430.256,3996231383,162289944337
393,sz399416,I300,4322.692,53.408,1.251,4269.284,4280.149,4340.28,4279.443,11551490366,311336520659
394,sz399417,新能源车,5183.95,123.12,2.433,5060.83,5094.111,5253.647,5068.395,3130858536,109838262553
395,sz399418,国证国安,4381.03,14.157,0.324,4366.873,4335.66,4383.986,4295.623,4630415173,111740314787
396,sz399419,国证高铁,1873.96,-2.33,-0.124,1876.29,1876.37,1878.434,1863.03,1074453691,10823147144
397,sz399420,国证保证,1419.936,30.648,2.206,1389.288,1388.659,1431.664,1379.96,3410922086,58860424898
398,sz399422,中关村A,3514.219,8.868,0.253,3505.351,3504.533,3518.215,3482.468,5938768300,84720447414
399,sz399423,中关村50,3269.104,17.789,0.547,3251.315,3254.825,3272.24,3237.138,1895954605,38032739598
400,sz399427,专利领先,3257.882,64.694,2.026,3193.188,3209.394,3276.509,3191.176,1589337182,134478348963
401,sz399428,国证定增,3396.814,16.933,0.501,3379.881,3387.987,3404.224,3369.211,4092863343,70103617189
402,sz399429,新丝路,1653.643,11.428,0.696,1642.215,1636.966,1655.485,1631.646,4171268574,57409443150
403,sz399431,国证银行,6586.701,25.734,0.392,6560.967,6567.625,6637.651,6532.269,1523102267,13999117792
404,sz399432,智能汽车,7764.584,160.501,2.111,7604.083,7637.35,7863.971,7555.988,722583111,58183912738
405,sz399433,国证交运,1745.714,16.535,0.956,1729.179,1734.05,1750.505,1731.043,1429654949,16123986005
406,sz399434,国证传媒,1733.068,-2.427,-0.14,1735.495,1730.008,1734.897,1718.77,874851588,5130597471
407,sz399435,国证农牧,4664.265,15.148,0.326,4649.117,4637.682,4716.246,4623.208,750944183,13571964311
408,sz399436,国证煤炭,3362.06,34.805,1.046,3327.255,3392.629,3400.152,3342.315,2321833094,19270129932
409,sz399437,证券龙头,6810.237,170.884,2.574,6639.353,6643.071,6879.492,6598.522,4114016466,59529736793
410,sz399438,国证电力,1955.917,10.808,0.556,1945.109,1947.671,1968.083,1943.089,2243377233,12099786983
411,sz399439,国证油气,1342.813,35.151,2.688,1307.662,1327.868,1352.46,1327.868,1232780505,5867276255
412,sz399440,国证钢铁,1848.005,45.499,2.524,1802.506,1795.761,1866.58,1784.873,5531838861,26654736215
413,sz399441,生物医药,5612.856,110.665,2.011,5502.191,5533.201,5633.041,5509.385,382290131,32148083662
414,sz399481,企债指数,127.538,0.007,0.005,127.531,127.533,127.554,127.522,9284341,888701173
415,sz399550,央视50,7779.485,34.792,0.449,7744.693,7751.233,7803.188,7728.613,1685157533,66164883739
416,sz399551,央视创新,10085.811,96.64,0.967,9989.171,9984.777,10092.202,9912.062,2006519397,51456265656
417,sz399552,央视成长,9128.004,45.4,0.5,9082.604,9089.151,9157.758,9047.594,1987573645,64480264347
418,sz399553,央视回报,9614.002,122.372,1.289,9491.63,9532.817,9640.879,9520.201,1196352261,58513681452
419,sz399554,央视治理,8208.887,34.975,0.428,8173.912,8188.113,8255.981,8165.183,2044768411,54236449201
420,sz399555,央视责任,5417.179,32.789,0.609,5384.39,5394.905,5432.095,5386.661,2265699997,51726522695
421,sz399556,央视生态,3511.608,58.948,1.707,3452.66,3472.551,3541.578,3469.137,2373743620,74679722008
422,sz399557,央视文化,1880.625,8.41,0.449,1872.215,1873.516,1881.877,1858.959,1372218458,24909087357
423,sz399602,中小成长,1566.667,12.806,0.824,1553.861,1560.129,1572.545,1555.601,1863835791,54036928875
424,sz399604,中小价值,2100.838,9.578,0.458,2091.26,2095.864,2106.594,2094.796,2986576136,38370466558
425,sz399606,创业板R,3547.677,39.21,1.118,3508.467,3517.089,3570.415,3483.002,2036046601,101777118979
426,sz399608,科技100,4420.935,41.369,0.945,4379.566,4382.588,4442.378,4349.478,2685963318,102638567664
427,sz399610,TMT50,7528.632,-9.857,-0.131,7538.489,7533.409,7574.481,7495.237,2024021537,51065870831
428,sz399611,中创100R,3504.435,41.013,1.184,3463.422,3468.87,3518.347,3450.7,3142859538,138619698633
429,sz399612,中创100,3131.306,36.646,1.184,3094.66,3099.528,3143.737,3083.292,3142859538,138619698633
430,sz399613,深证能源,3630.711,61.426,1.721,3569.285,3646.933,3678.981,3605.379,780396357,8502816385
431,sz399614,深证材料,4704.882,78.446,1.696,4626.436,4641.994,4739.366,4633.104,5081768163,95781348503
432,sz399615,深证工业,4822.01,40.595,0.849,4781.415,4773.956,4851.042,4730.677,3470526817,85628474361
433,sz399616,深证可选,6752.98,16.458,0.244,6736.522,6749.556,6794.403,6711.08,1081826693,27440949082
434,sz399617,深证消费,13897.784,243.934,1.787,13653.85,13717.088,13974.8,13591.456,393092436,22228120158
435,sz399618,深证医药,15903.623,310.13,1.989,15593.493,15698.487,15946.609,15547.428,603917906,36517675724
436,sz399619,深证金融,7214.344,56.917,0.795,7157.427,7162.419,7282.928,7106.637,1529954648,23506751870
437,sz399620,深证信息,5174.438,14.073,0.273,5160.365,5161.294,5199.005,5124.706,3550743049,79777987960
438,sz399621,深证电信,3273.105,-22.082,-0.67,3295.187,3292.333,3292.333,3246.446,445292656,9146153861
439,sz399622,深证公用,1730.43,13.652,0.795,1716.778,1717.134,1736.05,1715.803,693166011,4813990626
440,sz399623,中小基础,9754.693,93.401,0.967,9661.292,9677.015,9778.311,9647.978,11534161221,187211948281
441,sz399624,中创400,2453.743,15.955,0.654,2437.788,2441.844,2460.695,2421.728,11266211848,180497450215
442,sz399625,中创500,2566.648,24.548,0.966,2542.1,2546.194,2575.341,2530.143,14409071386,319117148847
443,sz399626,中创成长,2308.767,21.264,0.93,2287.503,2294.072,2319.883,2277.917,2639350560,117701590415
444,sz399627,中创价值,2340.116,8.974,0.385,2331.142,2336.498,2345.588,2332.753,4920642132,65410094458
445,sz399628,700成长,2336.632,2.353,0.101,2334.279,2326.404,2343.996,2311.597,3635230192,80262222633
446,sz399629,700价值,2698.742,14.772,0.55,2683.97,2687.546,2702.329,2678.601,6070826038,62450908302
447,sz399630,1000成长,2001.936,14.684,0.739,1987.252,1991.097,2009.916,1980.292,6014382813,205084936154
448,sz399631,1000价值,2321.77,7.672,0.332,2314.098,2317.696,2330.245,2309.513,11490645695,132804151568
449,sz399632,深100EW,6405.461,35.495,0.557,6369.966,6376.951,6429.132,6352.101,4755330703,174809050318
450,sz399633,深300EW,6617.957,45.852,0.698,6572.105,6584.375,6633.838,6549.771,12236884646,287743615894
451,sz399634,中小等权,4382.804,29.301,0.673,4353.503,4358.583,4392.83,4343.846,3461802300,93059769759
452,sz399635,创业板EW,2595.04,13.247,0.513,2581.793,2587.616,2608.269,2555.628,2036046601,101777118979
453,sz399636,深证装备,5839.215,7.345,0.126,5831.87,5822.514,5885.454,5754.581,4722346943,83306664450
454,sz399637,深证地产,2882.354,14.762,0.515,2867.592,2869.098,2902.124,2864.256,424177453,3632388323
455,sz399638,深证环保,8733.124,180.395,2.109,8552.729,8614.545,8855.858,8572.013,2664185079,62791494240
456,sz399639,深证大宗,2791.129,61.286,2.245,2729.843,2751.546,2807.146,2744.301,3219172570,40678539466
457,sz399640,创业基础,2882.339,21.997,0.769,2860.342,2863.068,2899.486,2835.196,8524540674,195061308683
458,sz399641,深证新兴,3023.698,22.48,0.749,3001.218,3002.989,3036.469,2986.345,7535133111,213126352763
459,sz399642,中小新兴,2641.476,31.223,1.196,2610.253,2612.128,2655.235,2601.143,3768346722,88831831304
460,sz399643,创业新兴,3957.013,40.534,1.035,3916.479,3925.931,3986.183,3883.834,2426194863,98059474855
461,sz399644,深证时钟,4510.847,42.459,0.95,4468.388,4486.677,4530.016,4469.737,5302644004,92530600908
462,sz399645,100低波,10791.224,42.933,0.399,10748.291,10752.32,10818.664,10715.44,2378389218,59322870568
463,sz399646,深消费50,9638.43,85.759,0.898,9552.671,9579.948,9670.173,9538.374,1491970097,50124656182
464,sz399647,深医药50,15600.899,290.758,1.899,15310.141,15403.875,15642.164,15263.3,696695885,38265976920
465,sz399648,深证GDP,10487.364,127.567,1.231,10359.797,10368.053,10503.654,10364.86,5126967661,97355383860
466,sz399649,中小红利,3547.201,0.784,0.022,3546.417,3551.863,3561.654,3537.025,1277126869,20565220433
467,sz399650,中小治理,3064.993,16.577,0.544,3048.416,3051.499,3069.725,3034.003,903013334,21925782656
468,sz399651,中小责任,2185.411,12.591,0.579,2172.82,2174.196,2188.025,2166.832,1077543288,24942643618
469,sz399652,中创高新,4544.728,9.246,0.204,4535.482,4525.019,4583.146,4485.36,1172599008,41449125263
470,sz399653,深证龙头,3278.631,22.889,0.703,3255.742,3259.708,3286.188,3247.615,2321907457,72733748048
471,sz399654,深证文化,2366.433,-12.212,-0.513,2378.645,2376.076,2376.076,2350.047,1800373898,22084409999
472,sz399655,深证绩效,12485.27,50.583,0.407,12434.687,12462.42,12504.787,12416.079,1908516652,64221078177
473,sz399656,100绩效,7902.325,50.654,0.645,7851.671,7870.894,7928.839,7835.07,4755330703,174809050318
474,sz399657,300绩效,7963.998,42.731,0.539,7921.267,7940.528,7984.509,7895.038,12236884646,287743615894
475,sz399658,中小绩效,5072.735,14.013,0.277,5058.722,5062.67,5079.599,5045.072,3461802300,93059769759
476,sz399659,深成指EW,4670.975,27.977,0.603,4642.998,4647.175,4682.707,4622.32,17493418456,368871807828
477,sz399660,中创EW,3268.575,30.755,0.95,3237.82,3243.955,3280.296,3222.389,3142859538,138619698633
478,sz399661,深证低波,6023.643,46.932,0.785,5976.711,5988.845,6035.867,5979.887,4091660555,58132436280
479,sz399662,深证高贝,2627.068,23.828,0.915,2603.24,2606.361,2637.101,2579.998,4110552071,177316154445
480,sz399663,中小低波,1679.872,6.888,0.412,1672.984,1673.916,1682.487,1670.804,2513849201,26663963409
481,sz399664,中小高贝,1395.159,10.011,0.723,1385.148,1385.488,1403.364,1378.687,3343105977,104355964395
482,sz399665,中创低波,1971.379,6.969,0.355,1964.41,1966.632,1972.643,1958.897,4569387038,66743389757
483,sz399666,中创高贝,1949.221,12.346,0.637,1936.875,1935.672,1958.013,1916.654,5166173125,212215332546
484,sz399667,创业板G,5296.666,64.314,1.229,5232.352,5241.728,5329.509,5194.988,1606046137,87293427335
485,sz399668,创业板V,3831.351,15.81,0.414,3815.541,3821.988,3873.915,3794.869,3237305416,57798932900
486,sz399669,深证农业,11456.814,153.465,1.358,11303.349,11337.241,11517.217,11252.012,794372808,27889424022
487,sz399670,深周期50,4950.189,35.085,0.714,4915.104,4915.795,4976.066,4898.546,3398965605,87756404379
488,sz399671,深防御50,9265.105,174.173,1.916,9090.932,9135.423,9295.993,9072.99,1083599973,47518909961
489,sz399672,深红利50,4417.687,6.057,0.137,4411.63,4425.237,4439.993,4409.394,1052206002,23897283767
490,sz399673,创业板50,3331.708,48.456,1.476,3283.252,3293.146,3353.956,3265.03,1483175671,79469493924
491,sz399674,深A医药,3005.382,48.554,1.642,2956.828,2972.085,3011.854,2948.001,1826678404,51997783340
492,sz399675,深互联网,2923.584,-3.985,-0.136,2927.569,2934.304,2934.304,2906.695,2373276811,32897799437
493,sz399676,深医药EW,3420.613,15.037,0.442,3405.576,3409.039,3425.745,3396.607,1826678404,51997783340
494,sz399677,深互联EW,3569.757,-12.037,-0.336,3581.794,3586.142,3586.983,3554.525,2373276811,32897799437
495,sz399678,深次新股,1018.318,15.805,1.577,1002.513,1007.339,1019.542,999.728,704774261,25565535827
496,sz399679,深证200R,6125.222,67.585,1.116,6057.637,6078.105,6135.78,6035.215,7481553943,112934565577
497,sz399680,深成能源,851.169,7.677,0.91,843.492,867.453,871.222,845.453,620708016,7147083391
498,sz399681,深成材料,1655.435,27.478,1.688,1627.957,1632.938,1666.552,1629.759,4585743123,76144551962
499,sz399682,深成工业,2168.503,13.535,0.628,2154.968,2150.045,2191.855,2131.771,2685547529,68997544070
500,sz399683,深成可选,1952.041,0.069,0.004,1951.972,1952.72,1967.196,1934.234,1371618773,29152259008
501,sz399684,深成消费,2855.437,48.207,1.717,2807.23,2821.699,2872.296,2791.865,597027695,25249994363
502,sz399685,深成医药,3142.31,57.139,1.852,3085.171,3104.354,3150.233,3075.362,914185040,41910193508
503,sz399686,深成金融,2238.27,19.221,0.866,2219.049,2220.755,2260.856,2206.224,1790477417,25375654907
504,sz399687,深成信息,3430.805,10.537,0.308,3420.268,3421.186,3445.243,3396.213,3802296648,81605310946
505,sz399688,深成电信,1706.341,-12.38,-0.72,1718.721,1714.811,1714.811,1694.604,347407718,7824908631
506,sz399689,深成公用,925.114,8.734,0.953,916.38,916.737,928.551,915.373,433251231,2273428565
507,sz399690,中小专利,2746.717,45.819,1.696,2700.898,2703.779,2763.84,2700.135,940857502,53735685409
508,sz399691,创业专利,2998.578,52.616,1.786,2945.962,2958.765,3021.493,2921.171,732130232,46537930111
509,sz399692,创业低波,3521.728,-9.734,-0.276,3531.462,3532.326,3536.131,3508.359,2016223332,37449026538
510,sz399693,安防产业,4089.712,8.873,0.217,4080.839,4061.938,4092.308,4022.771,1121561248,21145845584
511,sz399694,创业高贝,3642.006,32.31,0.895,3609.696,3605.055,3664.718,3556.162,2322748448,114516577268
512,sz399695,深证节能,3251.29,26.261,0.814,3225.029,3226.274,3268.381,3216.302,4057408431,80965089579
513,sz399696,深证创投,3574.333,54.898,1.56,3519.435,3548.406,3587.099,3524.95,3530818978,68631293843
514,sz399697,中关村60,4677.019,23.3,0.501,4653.719,4662.687,4686.965,4610.092,1851466308,29917287923
515,sz399698,优势成长,26889.891,-86.261,-0.32,26976.152,26986.355,27012.488,26795.242,708482552,8552020546
516,sz399699,金融科技,3760.939,21.791,0.583,3739.148,3739.4,3774.697,3732.462,1946572007,37960736971
517,sz399701,深证F60,9811.351,29.847,0.305,9781.504,9790.919,9869.39,9753.304,4608546960,89998155792
518,sz399702,深证F120,8697.514,32.982,0.381,8664.532,8676.521,8736.181,8652.735,6818724756,126932773946
519,sz399703,深证F200,8350.926,35.587,0.428,8315.339,8329.695,8374.449,8309.626,9639254300,178493556294
520,sz399704,深证上游,6489.345,125.712,1.975,6363.633,6396.058,6602.862,6396.058,3485971647,56586682957
521,sz399705,深证中游,4222.199,19.305,0.459,4202.894,4197.114,4250.355,4167.873,6198376017,153252413772
522,sz399706,深证下游,7807.332,97.275,1.262,7710.057,7744.877,7826.917,7695.126,2180365894,93358462661
523,sz399707,CSSW证券,6592.594,146.853,2.278,6445.741,6445.155,6659.897,6401.676,4998494588,67326207166
524,sz399802,500深市,6407.203,66.724,1.052,6340.479,6354.461,6415.367,6319.343,10034709601,120697424707
525,sz399803,工业4.0,5307.671,30.23,0.573,5277.441,5276.041,5339.283,5233.692,1633295494,71488416290
526,sz399804,中证体育,1590.744,-5.91,-0.37,1596.654,1600.261,1600.827,1585.296,238522602,3220362606
527,sz399805,互联金融,2885.222,21.772,0.76,2863.45,2859.646,2892.28,2851.245,3200767185,46975629476
528,sz399806,环境治理,1455.64,18.406,1.281,1437.234,1436.266,1459.744,1435.645,1541911506,12783283220
529,sz399807,高铁产业,1195.975,-4.086,-0.34,1200.061,1199.722,1201.03,1192.229,723052058,5521541620
530,sz399808,中证新能,4626.511,112.628,2.495,4513.883,4534.481,4695.801,4516.525,6293014840,147126611221
531,sz399809,保险主题,1861.875,0.946,0.051,1860.929,1854.934,1868.913,1840.286,1256710873,13135315758
532,sz399810,CSSW传媒,2523.557,-0.519,-0.021,2524.076,2520.101,2527.3,2506.658,919898210,8765693351
533,sz399811,CSSW电子,4567.791,21.451,0.472,4546.34,4550.686,4595.949,4516.894,3373546707,95059431387
534,sz399812,养老产业,8009.825,11.241,0.141,7998.584,8004.776,8021.868,7949.953,1348260520,60816928851
535,sz399813,中证国安,6734.612,-13.855,-0.205,6748.467,6654.541,6753.091,6566.832,2940351439,80049354882
536,sz399814,大农业,1480.669,9.954,0.677,1470.715,1468.915,1488.303,1465.138,961614757,22521695683
537,sz399817,生态100,1238.461,9.502,0.773,1228.959,1229.361,1244.216,1227.258,2586761906,23979677930
538,sz399901,小康指数,5513.635,40.153,0.734,5473.482,5483.64,5527.696,5480.746,11260968200,149735529581
539,sz399903,中证100,4649.511,54.782,1.192,4594.729,4605.394,4666.94,4603.659,6867360900,181827907960
540,sz399904,中证 200,5603.228,-36.841,-0.653,5640.069,5683.982,5698.875,5520.506,9827388200,184602927888
541,sz399905,中证 500,7090.782,66.217,0.943,7024.565,7031.648,7098.029,7009.69,20272689500,236479323512
542,sz399913,300 医药,15341.416,289.993,1.927,15051.423,15122.931,15407.762,15063.813,721828100,47695098796
543,sz399914,300 金融,6189.786,48.848,0.795,6140.938,6139.172,6215.328,6099.68,5867934700,85814334338
544,sz399918,300 成长,7607.066,-30.736,-0.402,7637.802,7690.03,7740.043,7510.399,4004240800,170896066280
545,sz399928,中证能源,1915.29,25.64,1.357,1889.65,1924.51,1928.061,1904.87,1767645200,15494611197
546,sz399932,中证消费,21538.893,397.012,1.878,21141.881,21228.557,21641.07,21066.256,788982000,46022550083
547,sz399933,中证医药,13964.441,238.605,1.738,13725.836,13784.193,14013.529,13729.336,1257349200,57131936530
548,sz399934,中证金融,5843.345,42.613,0.735,5800.732,5798.538,5867.164,5761.515,7569308300,95385092474
549,sz399935,中证信息,5692.953,-0.798,-0.014,5693.751,5695.463,5713.726,5650.122,3330513400,77377566531
550,sz399944,内地资源,2761.497,-44.676,-1.592,2806.173,2843.209,2848.804,2708.386,3488369000,42261756487
551,sz399958,创业成长,1834.089,-22.742,-1.225,1856.831,1877.196,1888.809,1808.365,1012250000,45866176376
552,sz399959,军工指数,1996.69,-11.23,-0.559,2007.92,1946.254,2003.504,1907.549,1450869467,44585085111
553,sz399965,800地产,4702.714,-0.801,-0.017,4703.515,4703.045,4751.594,4675.087,842143839,6375931318
554,sz399966,800非银,6080.478,99.223,1.659,5981.255,5974.208,6133.612,5933.649,5129209252,74700345921
555,sz399967,中证军工,14103.868,-100.388,-0.707,14204.256,13771.589,14164.069,13484.88,1684991052,51542382799
556,sz399970,移动互联,3807.033,23.826,0.63,3783.207,3786.881,3814.075,3762.748,3214321571,100547956842
557,sz399971,中证传媒,1063.339,-6.01,-0.562,1069.349,1067.044,1067.396,1057.571,976992443,7930480323
558,sz399972,300深市,6722.029,49.347,0.74,6672.682,6682.698,6747.847,6661.321,5418354613,166617191142
559,sz399973,中证国防,2466.666,-24.11,-0.968,2490.776,2401.526,2478.018,2344.687,913158419,41645789365
560,sz399974,国企改革,1977.432,9.551,0.485,1967.881,1965.595,1979.939,1962.552,5493580141,131167787609
561,sz399975,证券公司,862.533,19.337,2.293,843.196,843.126,871.326,837.49,4983878138,67190086340
562,sz399976,CS新能车,6167.729,161.792,2.694,6005.937,6050.379,6250.12,6017.412,1576870343,80250643767
563,sz399982,500等权,8049.178,55.984,0.7,7993.194,7995.357,8053.143,7975.076,20272689500,236479323512
564,sz399983,地产等权,5050.2,-8.65,-0.171,5058.85,5051.954,5119.897,5017.215,375190348,4263864427
565,sz399986,中证银行,6368.406,21.718,0.342,6346.688,6353.099,6420.143,6318.762,1626189408,14438472870
566,sz399987,中证酒,8416.623,242.908,2.972,8173.715,8229.915,8494.156,8150.834,312056070,36638939348
567,sz399989,中证医疗,15161.6,513.951,3.509,14647.649,14781.072,15217.044,14668.424,517046119,34744003177
568,sz399990,煤炭等权,2593.344,46.252,1.816,2547.092,2607.383,2612.195,2569.265,2023583220,18672598650
569,sz399991,一带一路,2029.316,7.682,0.38,2021.634,2026.589,2036.216,2020.341,8730192797,76054048670
570,sz399992,CSWD并购,1886.042,24.848,1.335,1861.194,1862.866,1894.958,1862.866,1568538537,20426417303
571,sz399993,CSWD生科,5597.244,116.376,2.123,5480.868,5498.164,5614.341,5486.356,409472730,27872498012
572,sz399994,信息安全,1959.083,4.213,0.216,1954.87,1950.157,1961.161,1936.33,1593494002,32998819636
573,sz399995,基建工程,3805.078,5.056,0.133,3800.022,3798.51,3814.381,3779.623,1865544504,11704785932
574,sz399996,智能家居,3464.172,17.276,0.501,3446.896,3451.203,3476.026,3417.274,3219810610,63919523017
575,sz399997,中证白酒,15135.084,405.641,2.754,14729.443,14843.263,15282.4,14678.813,220285580,33710349844
576,sz399998,中证煤炭,1897.712,25.054,1.338,1872.658,1917.316,1921.17,1883.257,2023583220,18672598650
577,sz980001,,1547.59,19.48,1.275,1528.11,1536.06,1550.052,1534.463,3328190302,109534363248
578,sz980017,,12693.924,209.361,1.677,12484.563,12474.702,12817.041,12354.789,655162378,47228024917
579,sz980023,,2852.482,29.447,1.043,2823.035,2840.998,2859.617,2821.509,927718992,36448185571
580,sz980068,,2408.014,-2.045,-0.085,2410.059,2411.015,2413.282,2399.655,1363394724,14116530344
581,sz988006,,3511.398,48.918,1.413,3462.48,3481.992,3533.074,3447.186,2036046601,122366630149
582,sz988007,,3510.217,49.591,1.433,3460.626,3479.276,3531.558,3444.663,2036046601,15710316086
583,sz988106,,3740.276,52.106,1.413,3688.17,3708.953,3763.365,3671.879,2036046601,122366630149
584,sz988107,,3739.004,52.823,1.433,3686.181,3706.046,3761.736,3669.177,2036046601,15710316086
585,sz988201,,1688.35,22.417,1.346,1665.933,1675.772,1691.036,1674.029,3328190302,109534363248
