date,etf1_position,etf2_position,total_position,cash,calculate_returns_etf1,calculate_returns_etf2
2019-01-18,0,0,0,1000000.0,-0.047021943573667756,-0.4924165824064712
2019-01-21,0,0,0,1000000.0,-0.049766718506998486,-0.4898373983739837
2019-01-22,0,0,0,1000000.0,-0.03766025641025635,-0.5054401582591493
2019-01-23,0,0,0,1000000.0,-0.03467741935483865,-0.4969939879759519
2019-01-24,0,0,0,1000000.0,-0.01704545454545447,-0.4830421377183967
2019-01-25,0,0,0,1000000.0,0.004135649296939531,-0.4836734693877551
2019-01-28,0,0,0,1000000.0,-0.009023789991796653,-0.474558670820353
2019-01-29,827814,0,827814,2484.1299999998882,-0.017312448474855836,-0.470281543274244
2019-01-30,829898,0,829898,18.757999999887943,-0.03507340946166389,-0.46356916578669477
2019-01-31,829913,0,829913,1.012999999887942,-0.03204601479046848,-0.46194503171247353
2019-02-01,0,0,0,980958.1789999999,0.00825763831544179,-0.4633891213389121
2019-02-11,0,0,0,980958.1789999999,0.06040268456375845,-0.4484590860786397
2019-02-12,776074,0,776074,1552.790999999852,0.07035175879396992,-0.4451544195953141
2019-02-13,776074,0,776074,1552.790999999852,0.10441426146010187,-0.4319654427645788
2019-02-14,777267,0,777267,1.8909999998518288,0.12027491408934719,-0.4238773274917853
2019-02-15,777268,0,777268,0.5899999998518288,0.08953974895397487,-0.4310915104740904
2019-02-18,777268,0,777268,0.5899999998518288,0.11779242174629326,-0.4284164859002169
2019-02-19,777268,0,777268,0.5899999998518288,0.11147811725846409,-0.43073593073593075
2019-02-20,777268,0,777268,0.5899999998518288,0.11404958677685961,-0.4339419978517723
2019-02-21,777268,0,777268,0.5899999998518288,0.12261806130903057,-0.4333694474539545
2019-02-22,777268,0,777268,0.5899999998518288,0.16294458229942088,-0.43042071197411
2019-02-25,777268,0,777268,0.5899999998518288,0.2485355648535564,-0.4066882416396979
2019-02-26,777268,0,777268,0.5899999998518288,0.2162828947368422,-0.4195953141640042
2019-02-27,777268,0,777268,0.5899999998518288,0.20098846787479407,-0.41353383458646614
2019-02-28,777268,0,777268,0.5899999998518288,0.22704507512520872,-0.42189160467587666
2019-03-01,777268,0,777268,0.5899999998518288,0.2335526315789474,0.09561752988047817
2019-03-04,777268,0,777268,0.5899999998518288,0.27332242225859255,0.11155378486055786
2019-03-05,777268,0,777268,0.5899999998518288,0.3447127393838467,0.1279999999999999
2019-03-06,777268,0,777268,0.5899999998518288,0.36591478696741847,0.13147410358565725
2019-03-07,777268,0,777268,0.5899999998518288,0.33856317093311306,0.12326043737574542
2019-03-08,777268,0,777268,0.5899999998518288,0.30477759472817145,0.07509881422924908
2019-03-11,777268,0,777268,0.5899999998518288,0.3725165562913907,0.08300395256917004
2019-03-12,777268,0,777268,0.5899999998518288,0.4228187919463087,0.0964566929133859
2019-03-13,777268,0,777268,0.5899999998518288,0.36770921386306005,0.09251968503937016
2019-03-14,777268,0,777268,0.5899999998518288,0.3438030560271647,0.0785854616895875
2019-03-15,777268,0,777268,0.5899999998518288,0.3013923013923013,0.08966861598440554
2019-03-18,777268,0,777268,0.5899999998518288,0.29272151898734167,0.1098265895953756
2019-03-19,777268,0,777268,0.5899999998518288,0.27777777777777773,0.10364683301343558
2019-03-20,777268,0,777268,0.5899999998518288,0.2398155265180631,0.09695817490494284
2019-03-21,777268,0,777268,0.5899999998518288,0.24769938650306744,0.09505703422053219
2019-03-22,777268,0,777268,0.5899999998518288,0.24500768049155142,0.12209302325581384
2019-03-25,777268,0,777268,0.5899999998518288,0.17759764185703766,0.0910815939278936
2019-03-26,777268,0,777268,0.5899999998518288,0.15601783060921245,0.07794676806083636
2019-03-27,777268,0,777268,0.5899999998518288,0.16320474777448069,0.08728652751423137
2019-03-28,777268,0,777268,0.5899999998518288,0.148339483394834,0.08986615678776277
2019-03-29,777268,0,777268,0.5899999998518288,0.15504978662873414,0.10795454545454533
2019-04-01,777268,0,777268,0.5899999998518288,0.13538873994638068,0.08363636363636351
2019-04-02,777268,0,777268,0.5899999998518288,0.13725490196078421,0.09357798165137601
2019-04-03,777268,0,777268,0.5899999998518288,0.16598079561042525,0.10439560439560427
2019-04-04,777268,0,777268,0.5899999998518288,0.15714285714285722,0.1249999999999999
2019-04-08,777268,0,777268,0.5899999998518288,0.11000000000000003,0.11272727272727262
2019-04-09,0,2114627,2114627,125.82300000009127,0.07133676092544985,0.09856630824372747
2019-04-10,0,2114832,2114832,0.9780000000912707,0.024148606811145463,0.09219858156028378
2019-04-11,0,2114833,2114833,0.36200000009127076,-0.009785932721712546,0.07042253521126768
2019-04-12,0,2114833,2114833,0.36200000009127076,0.0018507094386182072,0.07079646017699122
2019-04-15,0,2114833,2114833,0.36200000009127076,0.007575757575757582,0.11213235294117636
2019-04-16,0,2114833,2114833,0.36200000009127076,-0.017490952955367862,0.11313868613138675
2019-04-17,0,2114833,2114833,0.36200000009127076,-0.03183962264150946,0.10053859964093345
2019-04-18,0,2114833,2114833,0.36200000009127076,0.0067985166872681696,0.09369369369369357
2019-04-19,0,2114833,2114833,0.36200000009127076,0.03916614024005057,0.11293260473588332
2019-04-22,0,2114833,2114833,0.36200000009127076,0.022026431718061765,0.06618962432915906
2019-04-23,0,2114833,2114833,0.36200000009127076,-0.014687882496939902,0.02430555555555558
2019-04-24,0,2114833,2114833,0.36200000009127076,0.00796080832823019,0.03130434782608699
2019-04-25,0,2114833,2114833,0.36200000009127076,-0.00929944203347793,0.0
2019-04-26,0,2114833,2114833,0.36200000009127076,-0.023355869698832226,-0.010416666666666676
2019-04-29,0,2114833,2114833,0.36200000009127076,-0.044417026526835324,-0.015544041450777217
2019-04-30,0,0,0,1209684.838,-0.028160200250312985,0.0034782608695652206
2019-05-06,0,0,0,1209684.838,-0.08483290488431884,-0.02116402116402099
2019-05-07,0,0,0,1209684.838,-0.08290816326530619,-0.031413612565444865
2019-05-08,0,0,0,1209684.838,-0.08804627249357327,-0.03684210526315774
2019-05-09,0,0,0,1209684.838,-0.1323891625615764,-0.07350427350427338
2019-05-10,0,0,0,1209684.838,-0.13518299881936238,-0.06375838926174483
2019-05-13,0,0,0,1209684.838,-0.1432818073721759,-0.07214765100671129
2019-05-14,0,0,0,1209684.838,-0.158235294117647,-0.08789386401326689
2019-05-15,0,0,0,1209684.838,-0.14050558495002946,-0.08986928104575154
2019-05-16,0,0,0,1209684.838,-0.11831831831831835,-0.08333333333333323
2019-05-17,0,0,0,1209684.838,-0.1505698860227955,-0.10440456769983678
2019-05-20,0,0,0,1209684.838,-0.14933494558645702,-0.11850649350649343
2019-05-21,0,0,0,1209684.838,-0.1167387276096356,-0.09539473684210517
2019-05-22,0,0,0,1209684.838,-0.12130541871921185,-0.09421487603305775
2019-05-23,0,0,0,1209684.838,-0.12781954887218056,-0.10413223140495859
2019-05-24,0,0,0,1209684.838,-0.15039901780233278,-0.10983606557377042
2019-05-27,0,0,0,1209684.838,-0.13032886723507917,-0.10114192495921688
2019-05-28,0,0,0,1209684.838,-0.12093308778391655,-0.09390444810543648
2019-05-29,0,0,0,1209684.838,-0.12948328267477208,-0.09983633387888698
2019-05-30,0,0,0,1209684.838,-0.12438423645320207,-0.07382550335570458
2019-05-31,0,0,0,1209684.838,-0.11490683229813667,-0.06440677966101682
2019-06-03,0,0,0,1209684.838,-0.14277035236938024,-0.06913996627318707
2019-06-04,0,0,0,1209684.838,-0.12390488110137682,-0.05199306759098773
2019-06-05,0,0,0,1209684.838,-0.12334801762114535,-0.03508771929824545
2019-06-06,0,0,0,1209684.838,-0.12007746933505484,-0.040350877192982304
2019-06-10,0,0,0,1209684.838,-0.11397295556986481,-0.045060658578856
2019-06-11,0,0,0,1209684.838,0.00421348314606742,0.012612612612612623
2019-06-12,0,0,0,1209684.838,-0.018080667593880405,0.007207207207207213
2019-06-13,0,0,0,1209684.838,0.002114164904862503,0.012750455373406203
2019-06-14,0,0,0,1209684.838,-0.008516678495386806,0.018450184501845032
2019-06-17,0,0,0,1209684.838,-0.051194539249146874,-0.010752688172043019
2019-06-18,0,0,0,1209684.838,-0.028452463566967484,0.0
2019-06-19,0,0,0,1209684.838,-0.00978336827393432,0.014545454545454558
2019-06-20,0,0,0,1209684.838,-0.013679890560875525,0.017953321364452237
2019-06-21,0,0,0,1209684.838,0.0034059945504087983,0.012477718360071114
2019-06-24,0,0,0,1209684.838,0.031073446327683645,0.03460837887067378
2019-06-25,0,2129726,2129726,4259.9220000000205,0.024875621890547206,0.03683241252302008
2019-06-26,0,2137292,2137292,0.26400000002104207,0.012587412587412599,0.021818181818181837
2019-06-27,0,2137292,2137292,0.26400000002104207,0.02943237561317452,0.0310218978102188
2019-06-28,0,2137292,2137292,0.26400000002104207,0.0466954022988507,0.03874538745387437
2019-07-01,0,0,0,1203295.66,0.09176300578034682,0.05709023941068124
2019-07-02,796357,0,796357,3982.0179999999236,0.05812324929971986,0.04900181488203251
2019-07-03,798992,0,798992,13.707999999923686,0.03910614525139668,0.04909090909090893
2019-07-04,0,0,0,1189712.796,0.030726256983240254,0.04727272727272711
2019-07-05,0,2065473,2065473,0.348000000230968,0.04922644163150497,0.048913043478260705
2019-07-08,801547,0,801547,1141.8060000000987,0.017543859649122744,0.027173913043478083
2019-07-09,0,2051825,2051825,0.1810000000987202,0.03614457831325296,0.027173913043478083
2019-07-10,0,0,0,1161333.131,0.040000000000000036,0.029250457038391044
2019-07-11,0,0,0,1161333.131,0.046661880832735064,0.023636363636363452
2019-07-12,796524,0,796524,1.1389999999664724,0.07483492296404996,0.03656307129798886
2019-07-15,796524,0,796524,1.1389999999664724,0.08212209302325597,0.030852994555353726
2019-07-16,796524,0,796524,1.1389999999664724,0.04125874125874138,0.010676156583629704
2019-07-17,796524,0,796524,1.1389999999664724,0.05665722379603405,0.019677996422182285
2019-07-18,796524,0,796524,1.1389999999664724,0.03375527426160341,0.016187050359712043
2019-07-19,796524,0,796524,1.1389999999664724,0.06370794559770936,0.03442028985507229
2019-07-22,796524,0,796524,1.1389999999664724,0.05107913669064761,0.028985507246376635
2019-07-23,796524,0,796524,1.1389999999664724,0.05785714285714299,0.028933092224231287
2019-07-24,796524,0,796524,1.1389999999664724,0.05716302046577273,0.025089605734766846
2019-07-25,796524,0,796524,1.1389999999664724,0.044382801664355105,0.01234567901234569
2019-07-26,796524,0,796524,1.1389999999664724,0.022403258655804423,0.01584507042253523
2019-07-29,796524,0,796524,1.1389999999664724,0.03356164383561639,0.014084507042253535
2019-07-30,796524,0,796524,1.1389999999664724,0.05547850208044388,0.02841918294849026
2019-07-31,796524,0,796524,1.1389999999664724,0.04419889502762435,0.021352313167259607
2019-08-01,796524,0,796524,1.1389999999664724,0.03199455411844788,0.007079646017699122
2019-08-02,796524,0,796524,1.1389999999664724,0.03019903912148237,-0.001776198934280444
2019-08-05,796524,0,796524,1.1389999999664724,-0.025148908007941638,-0.03658536585365838
2019-08-06,796524,0,796524,1.1389999999664724,-0.03970880211780267,-0.057093425605536194
2019-08-07,796524,0,796524,1.1389999999664724,-0.027553763440860166,-0.05719237435008652
2019-08-08,796524,0,796524,1.1389999999664724,-0.005420054200542011,-0.04513888888888874
2019-08-09,796524,0,796524,1.1389999999664724,-0.0281501340482574,-0.0569948186528496
2019-08-12,796524,0,796524,1.1389999999664724,0.024827586206896575,-0.028218694885361384
2019-08-13,796524,0,796524,1.1389999999664724,0.00547195622435021,-0.031746031746031585
2019-08-14,796524,0,796524,1.1389999999664724,0.014423076923077012,-0.02309058614564814
2019-08-15,0,0,0,1162129.655,0.02743484224965709,-0.021314387211367497
2019-08-16,0,0,0,1162129.655,0.032081911262798586,-0.028218694885361384
2019-08-19,0,0,0,1162129.655,0.05305574210879782,-0.01584507042253503
2019-08-20,741154,0,741154,2223.6450000000186,0.042981867024848776,-0.01408450704225334
2019-08-21,742585,0,742585,5.5950000000184446,0.0382037533512064,-0.019298245614034912
2019-08-22,742588,0,742588,0.9360000000184447,0.0571428571428572,-0.010619469026548487
2019-08-23,742588,0,742588,0.9360000000184447,0.04643337819650064,-0.017513134851138177
2019-08-26,742588,0,742588,0.9360000000184447,0.05407255304585897,-0.021126760563380108
2019-08-27,742588,0,742588,0.9360000000184447,0.058068872383524546,-0.008787346221441132
2019-08-28,742588,0,742588,0.9360000000184447,0.0447263017356475,-0.01573426573426575
2019-08-29,742588,0,742588,0.9360000000184447,0.03452855245683934,-0.027874564459930147
2019-08-30,742588,0,742588,0.9360000000184447,0.02855245683930938,-0.03466204506065842
2019-09-02,742588,0,742588,0.9360000000184447,0.055003313452617754,-0.026041666666666498
2019-09-03,742588,0,742588,0.9360000000184447,0.04796320630749011,-0.03281519861830726
2019-09-04,742588,0,742588,0.9360000000184447,0.0628306878306878,-0.017421602787456462
2019-09-05,742588,0,742588,0.9360000000184447,0.07321899736147756,0.0017574692442882266
2019-09-06,742588,0,742588,0.9360000000184447,0.08660892738174558,0.016014234875444656
2019-09-09,742588,0,742588,0.9360000000184447,0.1337406653088933,0.037974683544303625
2019-09-10,742588,0,742588,0.9360000000184447,0.14472777394900066,0.04954128440366956
2019-09-11,742588,0,742588,0.9360000000184447,0.13199723565998606,0.051470588235293956
2019-09-12,742588,0,742588,0.9360000000184447,0.12125340599455037,0.04727272727272711
2019-09-16,742588,0,742588,0.9360000000184447,0.1379310344827586,0.056776556776556616
2019-09-17,742588,0,742588,0.9360000000184447,0.08882907133243614,0.03448275862068948
2019-09-18,742588,0,742588,0.9360000000184447,0.10000000000000002,0.040072859744990724
2019-09-19,742588,0,742588,0.9360000000184447,0.11171293161814476,0.03999999999999983
2019-09-20,742588,0,742588,0.9360000000184447,0.09345794392523359,0.03992740471869312
2019-09-23,742588,0,742588,0.9360000000184447,0.0714285714285715,0.029038112522685847
2019-09-24,742588,0,742588,0.9360000000184447,0.038903061224489756,0.019677996422182285
2019-09-25,742588,0,742588,0.9360000000184447,0.03734707018673539,0.00714285714285695
2019-09-26,742588,0,742588,0.9360000000184447,0.0077469335054874185,0.008944543828264567
2019-09-27,0,2055285,2055285,8963.7919999999,0.021235521235521183,0.007155635062611614
2019-09-30,734775,0,734775,11747.296999999788,0.009646302250803939,-0.0017825311942959016
2019-10-08,734775,0,734775,11747.296999999788,0.010389610389610398,0.014388489208632905
2019-10-09,0,0,0,1149913.7719999999,-0.003828972559029997,0.0070921985815602905
2019-10-10,0,0,0,1149913.7719999999,0.024920127795527252,0.015985790408525772
2019-10-11,0,0,0,1149913.7719999999,0.030808729139923004,0.030465949820788357
2019-10-14,0,0,0,1149913.7719999999,0.0438992898644287,0.04667863554757614
2019-10-15,0,0,0,1149913.7719999999,0.0031407035175878726,0.03208556149732603
2019-10-16,0,0,0,1149913.7719999999,-0.0018808777429466406,0.03392857142857126
2019-10-17,0,0,0,1149913.7719999999,-0.0074673304293715066,0.023049645390070945
2019-10-18,0,0,0,1149913.7719999999,-0.023355869698832226,0.0
2019-10-21,0,0,0,1149913.7719999999,-0.028203556100551835,0.0017513134851138371
2019-10-22,0,0,0,1149913.7719999999,-0.038323353293413076,0.0
2019-10-23,0,0,0,1149913.7719999999,-0.0433473810957255,-0.00174825174825175
2019-10-24,0,0,0,1149913.7719999999,-0.02747252747252743,0.0
2019-10-25,0,0,0,1149913.7719999999,-0.018226002430133538,-0.0034722222222222255
2019-10-28,0,0,0,1149913.7719999999,-0.0024242424242424264,-0.0017331022530329306
2019-10-29,0,0,0,1149913.7719999999,0.003708281829419039,0.005263157894736847
2019-10-30,0,0,0,1149913.7719999999,0.0012368583797155237,0.0
2019-10-31,0,0,0,1149913.7719999999,-0.020706455542021808,-0.0104895104895105
2019-11-01,0,2031649,2031649,2032.0870000000577,-0.007936507936507877,-0.001745200698080281
2019-11-04,0,2031649,2031649,2032.0870000000577,0.008641975308641846,0.014109347442680789
2019-11-05,0,2035183,2035183,0.037000000057787474,0.012277470841006763,0.017543859649122823
2019-11-06,0,2035183,2035183,0.037000000057787474,0.016759776536312797,0.02127659574468087
2019-11-07,0,2035183,2035183,0.037000000057787474,0.057655349135169814,0.02659574468085109
2019-11-08,0,0,0,1178370.994,0.03654694391934471,0.021314387211367695
2019-11-11,716334,0,716334,2866.899999999907,0.02547770700636945,0.010714285714285525
2019-11-12,718114,0,718114,1.0999999999066858,0.03534704370179945,0.0035460992907801452
2019-11-13,718114,0,718114,1.0999999999066858,0.03779628443305584,-0.007042253521126768
2019-11-14,718114,0,718114,1.0999999999066858,0.016209476309226808,-0.01573426573426575
2019-11-15,718114,0,718114,1.0999999999066858,0.004981320049813205,-0.02260869565217374
2019-11-18,718114,0,718114,1.0999999999066858,0.0024737167594310475,-0.02572898799313896
2019-11-19,718114,0,718114,1.0999999999066858,0.04320601127113335,-0.006908462867012096
2019-11-20,718114,0,718114,1.0999999999066858,0.039572864321608,-0.012089810017271168
2019-11-21,718114,0,718114,1.0999999999066858,0.03448275862068962,-0.012131715771230515
2019-11-22,718114,0,718114,1.0999999999066858,0.01573316551290128,0.0
2019-11-25,718114,0,718114,1.0999999999066858,0.008832807570977926,0.0104895104895105
2019-11-26,0,1986618,1986618,2872.6380000000354,0.0012453300124533012,0.006968641114982585
2019-11-27,0,1991587,1991587,10.494000000035612,0.013845185651353065,0.008756567425569186
2019-11-28,712082,0,712082,2136.749999999767,0.011299435028248598,0.0034965034965035
2019-11-29,0,0,0,1147164.606,-0.00990099009900991,-0.0017421602787456463
2019-12-02,0,0,0,1147164.606,-0.024301336573511433,-0.0034722222222222255
2019-12-03,0,0,0,1147164.606,-0.006773399014778399,0.003490401396160562
2019-12-04,0,0,0,1147164.606,-0.004323656578134587,0.005253940455341511
2019-12-05,0,0,0,1147164.606,0.024875621890547147,0.017667844522968216
2019-12-06,0,0,0,1147164.606,0.022769230769230722,0.00874125874125875
2019-12-09,0,0,0,1147164.606,0.013463892288861702,0.010434782608695662
2019-12-10,0,0,0,1147164.606,0.01273499090357787,0.0
2019-12-11,686924,0,686924,2062.2979999999516,0.009157509157509234,0.006944444444444451
2019-12-12,688171,0,688171,3.5009999999515458,0.0036341611144760783,0.005181347150259073
2019-12-13,0,1959283,1959283,8946.36499999999,0.029179331306990908,0.019130434782608716
2019-12-16,0,0,0,1155126.92,0.06521739130434781,0.040636042402826894
2019-12-17,673543,0,673543,0.6749999998137355,0.07883302296710118,0.049469964664311
2019-12-18,673543,0,673543,0.6749999998137355,0.0648148148148148,0.05141843971631211
2019-12-19,673543,0,673543,0.6749999998137355,0.05766871165644177,0.055062166962699874
2019-12-20,673543,0,673543,0.6749999998137355,0.05824039653035926,0.056939501779359275
2019-12-23,673543,0,673543,0.6749999998137355,0.03084515731030231,0.03521126760563384
2019-12-24,0,1914100,1914100,3367.9429999997374,0.022809123649459806,0.024347826086956546
2019-12-25,0,1919818,1919818,5.758999999737625,0.03806646525679755,0.027972027972028
2019-12-26,657077,0,657077,3234.428999999771,0.04606060606060611,0.03859649122807021
2019-12-27,657077,0,657077,3234.428999999771,0.05204460966542741,0.04210526315789478
2019-12-30,658981,0,658981,7.148999999770695,0.08005003126954353,0.04325259515570938
2019-12-31,658985,0,658985,0.26899999977069466,0.07587064676616907,0.04844290657439451
2020-01-02,658985,0,658985,0.26899999977069466,0.09559279950341398,0.06597222222222228
2020-01-03,658985,0,658985,0.26899999977069466,0.09497206703910616,0.06620209059233456
2020-01-06,658985,0,658985,0.26899999977069466,0.11749999999999997,0.06631762652705067
2020-01-07,658985,0,658985,0.26899999977069466,0.1344956413449564,0.0679442508710802
2020-01-08,658985,0,658985,0.26899999977069466,0.11097334159950406,0.052173913043478314
2020-01-09,658985,0,658985,0.26899999977069466,0.14081885856079396,0.06445993031358892
2020-01-10,658985,0,658985,0.26899999977069466,0.11104368932038838,0.05729166666666672
2020-01-13,658985,0,658985,0.26899999977069466,0.1203369434416367,0.05892547660311964
2020-01-14,658985,0,658985,0.26899999977069466,0.11714975845410638,0.05335628227194497
2020-01-15,658985,0,658985,0.26899999977069466,0.10598802395209585,0.048275862068965565
2020-01-16,658985,0,658985,0.26899999977069466,0.12280701754385968,0.04137931034482763
2020-01-17,658985,0,658985,0.26899999977069466,0.12130356065178037,0.036082474226804155
2020-01-20,658985,0,658985,0.26899999977069466,0.12522150029533372,0.02901023890784986
2020-01-21,658985,0,658985,0.26899999977069466,0.103206997084548,0.006791171477079802
2020-01-22,658985,0,658985,0.26899999977069466,0.10356731875719213,0.0
2020-01-23,658985,0,658985,0.26899999977069466,0.07420289855072457,-0.025295109612141677
2020-02-03,658985,0,658985,0.26899999977069466,-0.00928074245939676,-0.11784511784511777
2020-02-04,658985,0,658985,0.26899999977069466,0.06323185011709608,-0.08585858585858575
2020-02-05,658985,0,658985,0.26899999977069466,0.11968880909634946,-0.06972789115646247
2020-02-06,658985,0,658985,0.26899999977069466,0.13262910798122066,-0.061120543293718035
2020-02-07,658985,0,658985,0.26899999977069466,0.12922002328288706,-0.06462585034013593
2020-02-10,658985,0,658985,0.26899999977069466,0.13615295480880654,-0.0574324324324323
2020-02-11,658985,0,658985,0.26899999977069466,0.1466431095406361,-0.05555555555555542
2020-02-12,658985,0,658985,0.26899999977069466,0.16155182397220594,-0.06467661691542295
2020-02-13,658985,0,658985,0.26899999977069466,0.14913294797687862,-0.07260726072607249
2020-02-14,658985,0,658985,0.26899999977069466,0.12577903682719557,-0.0798045602605864
2020-02-17,658985,0,658985,0.26899999977069466,0.1740362811791384,-0.05882352941176476
2020-02-18,658985,0,658985,0.26899999977069466,0.16890380313199094,-0.06219312602291331
2020-02-19,658985,0,658985,0.26899999977069466,0.12733260153677264,-0.06688417618270806
2020-02-20,658985,0,658985,0.26899999977069466,0.17466517857142855,-0.04297520661157029
2020-02-21,658985,0,658985,0.26899999977069466,0.16639477977161504,-0.05237315875613753
2020-02-24,658985,0,658985,0.26899999977069466,0.18951392681594756,-0.06075533661740564
2020-02-25,658985,0,658985,0.26899999977069466,0.1788399570354456,-0.0720130932896891
2020-02-26,658985,0,658985,0.26899999977069466,0.1362162162162161,-0.06862745098039222
2020-02-27,658985,0,658985,0.26899999977069466,0.14293448835950204,-0.055921052631578996
2020-02-28,658985,0,658985,0.26899999977069466,0.07489224137931035,-0.07284768211920518
2020-03-02,658985,0,658985,0.26899999977069466,0.10548977395048424,-0.038142620232172506
2020-03-03,658985,0,658985,0.26899999977069466,0.09816272965879268,-0.038142620232172506
2020-03-04,658985,0,658985,0.26899999977069466,0.10359408033826648,-0.008431703204047226
2020-03-05,658985,0,658985,0.26899999977069466,0.1058394160583942,0.0016835016835016852
2020-03-06,658985,0,658985,0.26899999977069466,0.13923367512142484,0.013840830449827002
2020-03-09,658985,0,658985,0.26899999977069466,0.17857142857142855,0.08969465648854948
2020-03-10,658985,0,658985,0.26899999977069466,0.1360132158590309,0.0644567219152853
2020-03-11,658985,0,658985,0.26899999977069466,0.08177445216461786,0.047531992687385574
2020-03-12,658985,0,658985,0.26899999977069466,0.021243523316062253,0.021699819168173415
2020-03-13,0,0,0,1248776.8439999998,0.006185567010309284,0.009090909090909097
2020-03-16,0,2250048,2250048,0.2039999996777624,-0.06578276389597144,-0.030465949820788554
2020-03-17,0,0,0,1230776.4599999997,-0.05392912172573189,-0.03565062388591803
2020-03-18,0,0,0,1230776.4599999997,-0.0937188434695911,-0.05673758865248213
2020-03-19,0,0,0,1230776.4599999997,-0.08199195171026159,-0.07117437722419935
2020-03-20,0,0,0,1230776.4599999997,-0.07045797684952196,-0.05663716814159278
2020-03-23,0,0,0,1230776.4599999997,-0.14968614196040572,-0.10243055555555546
2020-03-24,0,0,0,1230776.4599999997,-0.13588516746411475,-0.07504363001745189
2020-03-25,0,0,0,1230776.4599999997,-0.0944498539435247,-0.0524475524475523
2020-03-26,0,0,0,1230776.4599999997,-0.11971496437054632,-0.07081174438687379
2020-03-27,0,0,0,1230776.4599999997,-0.14685314685314682,-0.0639032815198617
2020-03-30,0,0,0,1230776.4599999997,-0.17768595041322316,-0.0594405594405593
2020-03-31,0,0,0,1230776.4599999997,-0.18223234624145784,-0.054673721340387865
2020-04-01,0,0,0,1230776.4599999997,-0.14747859181731676,-0.06491228070175425
2020-04-02,0,0,0,1230776.4599999997,-0.1264803410705827,-0.06097560975609743
2020-04-03,0,0,0,1230776.4599999997,-0.08070175438596493,-0.041071428571428606
2020-04-07,0,0,0,1230776.4599999997,-0.07789678675754622,-0.06034482758620676
2020-04-08,0,0,0,1230776.4599999997,-0.09655831739961768,-0.06206896551724125
2020-04-09,0,0,0,1230776.4599999997,-0.0799808429118774,-0.07312925170068016
2020-04-10,0,0,0,1230776.4599999997,-0.11504007543611504,-0.08739495798319317
2020-04-13,0,0,0,1230776.4599999997,-0.1222169587873047,-0.07337883959044357
2020-04-14,0,0,0,1230776.4599999997,-0.05166418281172373,-0.0420315236427319
2020-04-15,0,0,0,1230776.4599999997,-0.07949587978671843,-0.05882352941176457
2020-04-16,0,0,0,1230776.4599999997,-0.0454545454545455,-0.05235602094240823
2020-04-17,0,0,0,1230776.4599999997,-0.014205986808726546,-0.033628318584070636
2020-04-20,0,0,0,1230776.4599999997,0.008709016393442688,-0.012612612612612623
2020-04-21,625076,0,625076,5627.499999999767,0.0638646288209607,0.0036968576709796703
2020-04-22,627963,0,627963,49.81599999976697,0.06786102062975027,0.0036968576709796703
2020-04-23,627988,0,627988,0.5659999997669729,0.07315731573157316,0.020676691729323324
2020-04-24,627988,0,627988,0.5659999997669729,0.05753424657534246,0.032567049808429144
2020-04-27,627988,0,627988,0.5659999997669729,0.0498105035192204,0.02063789868667919
2020-04-28,627988,0,627988,0.5659999997669729,0.10789324247586608,0.05222437137330759
2020-04-29,627988,0,627988,0.5659999997669729,0.08084163898117382,0.04528301886792457
2020-04-30,627988,0,627988,0.5659999997669729,0.07150537634408602,0.03136531365313656
2020-05-06,627988,0,627988,0.5659999997669729,0.09498111171073931,0.03717472118959111
2020-05-07,627988,0,627988,0.5659999997669729,0.10655737704918024,0.029520295202952053
2020-05-08,627988,0,627988,0.5659999997669729,0.14014517029592402,0.04275092936802977
2020-05-11,627988,0,627988,0.5659999997669729,0.12757660167130924,0.054104477611940135
2020-05-12,627988,0,627988,0.5659999997669729,0.14006696428571436,0.052532833020637944
2020-05-13,627988,0,627988,0.5659999997669729,0.11605206073752697,0.042671614100185565
2020-05-14,627988,0,627988,0.5659999997669729,0.11014176663031622,0.03538175046554938
2020-05-15,627988,0,627988,0.5659999997669729,0.07814149947201685,0.016513761467889923
2020-05-18,627988,0,627988,0.5659999997669729,0.07883597883597897,0.02389705882352943
2020-05-19,627988,0,627988,0.5659999997669729,0.07287870900572613,0.02385321100917433
2020-05-20,627988,0,627988,0.5659999997669729,0.08737346830047944,0.023941068139963186
2020-05-21,627988,0,627988,0.5659999997669729,0.09012412304371292,0.023941068139963186
2020-05-22,627988,0,627988,0.5659999997669729,0.033001571503404895,-0.001828153564899453
2020-05-25,627988,0,627988,0.5659999997669729,0.04002106371774622,0.007352941176470594
2020-05-26,627988,0,627988,0.5659999997669729,0.054865424430641754,0.0128913443830571
2020-05-27,627988,0,627988,0.5659999997669729,0.027792074112197657,0.009157509157509165
2020-05-28,627988,0,627988,0.5659999997669729,0.006602336211274708,0.009124087591240884
2020-05-29,0,2250764,2250764,3090.2660000000615,0.02924576706003064,0.01657458563535913
2020-06-01,0,0,0,1254515.05,0.05846466700559215,0.03314917127071826
2020-06-02,0,0,0,1254515.05,0.05945668887749877,0.03683241252302008
2020-06-03,0,0,0,1254515.05,0.06735751295336793,0.044526901669758645
2020-06-04,0,0,0,1254515.05,0.06910778751933981,0.038602941176470416
2020-06-05,605168,0,605168,2422.4580000001006,0.06970784213223993,0.03492647058823512
2020-06-08,605168,0,605168,2422.4580000001006,0.061987704918032786,0.021660649819494403
2020-06-09,605168,0,605168,2422.4580000001006,0.05469141996989451,0.017889087656529332
2020-06-10,606320,0,606320,0.9540000001006774,0.04583538689009363,0.019713261648745338
2020-06-11,606320,0,606320,0.9540000001006774,0.04641975308641991,0.008960573476702318
2020-06-12,606320,0,606320,0.9540000001006774,0.04848188050930471,0.005347593582887507
2020-06-15,606320,0,606320,0.9540000001006774,0.057806324110671936,-0.010619469026548487
2020-06-16,606320,0,606320,0.9540000001006774,0.06852667645619172,0.007130124777183409
2020-06-17,606320,0,606320,0.9540000001006774,0.06316812439261436,0.010676156583629704
2020-06-18,606320,0,606320,0.9540000001006774,0.07760314341846754,0.025179856115107733
2020-06-19,606320,0,606320,0.9540000001006774,0.0959843290891284,0.0324909747292417
2020-06-22,606320,0,606320,0.9540000001006774,0.1098577734183422,0.01974865350089748
2020-06-23,606320,0,606320,0.9540000001006774,0.11935953420669577,0.014336917562723827
2020-06-24,606320,0,606320,0.9540000001006774,0.130328270455659,0.023381294964028597
2020-06-29,606320,0,606320,0.9540000001006774,0.1361386138613861,0.017985611510791182
2020-06-30,606320,0,606320,0.9540000001006774,0.19624746450304262,0.045787545787545625
2020-07-01,606320,0,606320,0.9540000001006774,0.18582278481012657,0.07116788321167869
2020-07-02,606320,0,606320,0.9540000001006774,0.15309126594700703,0.09636363636363623
2020-07-03,606320,0,606320,0.9540000001006774,0.19178768152228332,0.11070780399274036
2020-07-06,606320,0,606320,0.9540000001006774,0.23612512613521705,0.17902350813743212
2020-07-07,606320,0,606320,0.9540000001006774,0.24775672981056848,0.17934782608695646
2020-07-08,606320,0,606320,0.9540000001006774,0.23631123919308358,0.16221033868092685
2020-07-09,606320,0,606320,0.9540000001006774,0.29366231253023695,0.1687388987566609
2020-07-10,606320,0,606320,0.9540000001006774,0.30339805825242716,0.14209591474245128
2020-07-13,606320,0,606320,0.9540000001006774,0.35166425470332857,0.16814159292035416
2020-07-14,606320,0,606320,0.9540000001006774,0.32582654528030647,0.16518650088809964
2020-07-15,606320,0,606320,0.9540000001006774,0.3130728412928124,0.1466431095406362
2020-07-16,606320,0,606320,0.9540000001006774,0.21693625118934348,0.1265377855887523
2020-07-17,606320,0,606320,0.9540000001006774,0.21724787935909534,0.12126537785588765
2020-07-20,606320,0,606320,0.9540000001006774,0.23218499292118921,0.17939609236234477
2020-07-21,606320,0,606320,0.9540000001006774,0.23446987389070517,0.1755319148936172
2020-07-22,606320,0,606320,0.9540000001006774,0.2508173750583839,0.18604651162790692
2020-07-23,606320,0,606320,0.9540000001006774,0.23957856161246,0.1628318584070798
2020-07-24,606320,0,606320,0.9540000001006774,0.15950639853747703,0.12147887323943674
2020-07-27,606320,0,606320,0.9540000001006774,0.15770282588878765,0.11052631578947379
2020-07-28,606320,0,606320,0.9540000001006774,0.14968722073279714,0.11363636363636374
2020-07-29,606320,0,606320,0.9540000001006774,0.18426866990720295,0.13556338028169027
2020-07-30,606320,0,606320,0.9540000001006774,0.1495448634590378,0.15017667844522983
2020-07-31,0,2469987,2469987,3637.9769999999553,0.1738188123103599,0.15289982425307572
2020-08-03,0,0,0,1623949.449,0.2087145969498911,0.1890459363957599
2020-08-04,585417,0,585417,1173.5250000001397,0.16066129715981348,0.18213660245183905
2020-08-05,0,2376363,2376363,13052.895000000019,0.1797608881298035,0.14310051107325397
2020-08-06,0,0,0,1605216.1050000002,0.15702127659574458,0.10945273631840806
2020-08-07,590370,0,590370,10626.735000000102,0.1163865546218488,0.09640522875817002
2020-08-10,594369,0,594369,65.37600000010207,0.07795918367346931,0.038343558282208624
2020-08-11,594393,0,594393,1.944000000102072,0.03875349580503395,0.03533026113671278
2020-08-12,594393,0,594393,1.944000000102072,-0.010101010101010024,0.02760736196319021
2020-08-13,0,0,0,1521648.024,-0.05198204936424824,0.027355623100303976
2020-08-14,0,0,0,1521648.024,-0.03947858472998133,0.057542768273717
2020-08-17,0,0,0,1521648.024,-0.06959314775160594,0.05909090909090897
2020-08-18,0,0,0,1521648.024,-0.05854716299241053,0.06554878048780477
2020-08-19,0,0,0,1521648.024,-0.07274063188831739,0.07241910631741129
2020-08-20,0,0,0,1521648.024,-0.02150117279124305,0.07332293291731658
2020-08-21,0,0,0,1521648.024,-0.013937282229965169,0.07680250783699066
2020-08-24,0,0,0,1521648.024,-0.004978935273841571,0.042168674698795046
2020-08-25,0,0,0,1521648.024,-0.011729095724555315,0.03921568627450967
2020-08-26,0,0,0,1521648.024,-0.047050037341299436,0.024132730015082978
2020-08-27,0,0,0,1521648.024,-0.038063562453806266,0.03196347031963473
2020-08-28,0,0,0,1521648.024,0.05084745762711865,0.08006279434850853
2020-08-31,0,0,0,1521648.024,0.038188976377952745,0.08056872037914699
2020-09-01,0,0,0,1521648.024,0.03303536727555381,0.06750392464678184
2020-09-02,0,0,0,1521648.024,-0.0014925373134328371,0.049612403100775235
2020-09-03,0,0,0,1521648.024,0.00037707390648562963,0.03533026113671278
2020-09-04,0,0,0,1521648.024,-0.025849335302806604,0.021341463414634165
2020-09-07,0,0,0,1521648.024,-0.08111031002162945,-0.016344725111441322
2020-09-08,0,0,0,1521648.024,-0.06355003652300947,-0.013333333333333345
2020-09-09,0,0,0,1521648.024,-0.11690191820484978,-0.02384500745156485
2020-09-10,0,0,0,1521648.024,-0.11621919823464504,-0.023916292974588957
2020-09-11,0,0,0,1521648.024,-0.07828377869777951,-0.026825633383010455
2020-09-14,0,0,0,1521648.024,-0.059447179098826214,-0.035450516986706086
2020-09-15,0,0,0,1521648.024,-0.036923076923076954,-0.02818991097922851
2020-09-16,0,0,0,1521648.024,-0.030612244897959124,-0.019402985074626882
2020-09-17,0,0,0,1521648.024,-0.026824457593688386,-0.02514792899408286
2020-09-18,0,0,0,1521648.024,-0.02559131446297025,-0.008823529411764713
2020-09-21,0,0,0,1521648.024,-0.04871499808208677,-0.0429184549356222
2020-09-22,0,0,0,1521648.024,-0.052207293666026916,-0.05722460658082965
2020-09-23,0,0,0,1521648.024,-0.006339144215530909,-0.05459770114942518
2020-09-24,0,0,0,1521648.024,-0.019576508190171767,-0.0566860465116278
2020-09-25,0,0,0,1521648.024,-0.035335689045936515,-0.061135371179039354
2020-09-28,0,0,0,1521648.024,-0.06312548113933784,-0.06358381502890163
2020-09-29,0,0,0,1521648.024,-0.050918836140888206,-0.05950653120464431
2020-09-30,0,0,0,1521648.024,-0.024686520376175615,-0.05154639175257736
2020-10-09,0,0,0,1521648.024,-0.00845178640030743,-0.0353982300884956
2020-10-12,0,0,0,1521648.024,0.006376594148537099,-0.03343023255813941
2020-10-13,0,0,0,1521648.024,0.019340159271899946,-0.026315789473684233
2020-10-14,0,0,0,1521648.024,0.003762227238525294,-0.023529411764705903
2020-10-15,0,0,0,1521648.024,-0.009715994020926847,-0.020679468242245216
2020-10-16,574206,0,574206,5169.977999999886,-0.007161703731624624,-0.010385756676557872
2020-10-19,574206,0,574206,5169.977999999886,-0.014404852160727753,-0.008955223880597022
2020-10-20,0,2256183,2256183,1067.1959999997634,0.03766182816790902,0.003021148036253779
2020-10-21,0,0,0,1499172.7079999999,0.018720748829953213,0.0
2020-10-22,573955,0,573955,10333.43799999985,0.05819672131147537,0.012213740458015277
2020-10-23,577957,0,577957,12.27999999984786,0.047024552642530165,0.010719754977029105
2020-10-26,577961,0,577961,2.2799999998478597,0.034299714169048624,0.007656967840735075
2020-10-27,577961,0,577961,2.2799999998478597,0.030595813204508885,0.0030627871362940303
2020-10-28,577961,0,577961,2.2799999998478597,0.029153354632587843,-0.0015267175572519097
2020-10-29,577961,0,577961,2.2799999998478597,0.055465587044534415,0.0045662100456621045
2020-10-30,577961,0,577961,2.2799999998478597,0.03891366031617352,-0.013657056145675276
2020-11-02,577961,0,577961,2.2799999998478597,0.04138479904496621,-0.025222551928783404
2020-11-03,577961,0,577961,2.2799999998478597,0.0681451612903226,-0.008968609865470859
2020-11-04,577961,0,577961,2.2799999998478597,0.07654921020656139,0.013657056145675276
2020-11-05,577961,0,577961,2.2799999998478597,0.07256778309409886,0.027355623100303976
2020-11-06,577961,0,577961,2.2799999998478597,0.07457212713936423,0.04622496147919881
2020-11-09,577961,0,577961,2.2799999998478597,0.10663410663410665,0.06821705426356578
2020-11-10,577961,0,577961,2.2799999998478597,0.09860312243221026,0.06327160493827148
2020-11-11,577961,0,577961,2.2799999998478597,0.04679306171843489,0.06944444444444434
2020-11-12,0,2164229,2164229,10538.792000000132,0.04740859783045413,0.07919254658385083
2020-11-13,0,2179392,2179392,0.5070000001323933,0.014722975590856356,0.044342507645259974
2020-11-16,0,2179392,2179392,0.5070000001323933,-0.02348117778606028,0.061654135338345746
2020-11-17,0,0,0,1540830.651,-0.04315476190476194,0.06006006006005994
2020-11-18,0,0,0,1540830.651,-0.050224887556222016,0.06927710843373483
2020-11-19,0,0,0,1540830.651,-0.035471698113207495,0.06334841628959265
2020-11-20,0,0,0,1540830.651,-0.02201974183750943,0.06146926536731623
2020-11-23,0,0,0,1540830.651,-0.0026923076923077373,0.08433734939759026
2020-11-24,0,2140042,2140042,0.41100000008009374,-0.023818525519848834,0.07680722891566255
2020-11-25,0,2140042,2140042,0.41100000008009374,-0.03215926493108732,0.05855855855855844
2020-11-26,0,0,0,1510870.063,-0.02323780015491869,0.06636500754147802
2020-11-27,0,0,0,1510870.063,0.006359300476947541,0.07727272727272717
2020-11-30,0,0,0,1510870.063,0.0031583103039873697,0.08966565349544063
2020-12-01,0,0,0,1510870.063,0.016406249999999928,0.08854961832061059
2020-12-02,0,0,0,1510870.063,0.0062087698874660514,0.09174311926605495
2020-12-03,0,0,0,1510870.063,0.0046029919447641,0.06818181818181807
2020-12-04,0,0,0,1510870.063,0.028872415138509498,0.08307692307692298
2020-12-07,0,0,0,1510870.063,0.004203286205578954,0.057838660578386485
2020-12-08,0,0,0,1510870.063,-0.0011325028312571212,0.04524886877828041
2020-12-09,0,0,0,1510870.063,-0.022573363431151263,0.02694610778443116
2020-12-10,0,0,0,1510870.063,-0.023420074349442443,0.010355029585798824
2020-12-11,0,0,0,1510870.063,-0.013651877133105814,0.0073637702503681944
2020-12-14,0,0,0,1510870.063,-0.02868701728576677,-0.015965166908562988
2020-12-15,0,0,0,1510870.063,-0.002617801047120463,-0.018867924528301744
2020-12-16,566505,0,566505,567.7330000002403,0.027745664739884244,-0.027417027417027284
2020-12-17,566717,0,566717,4.025000000240311,0.0333716915995396,-0.027338129496402745
2020-12-18,566718,0,566718,1.3260000002403114,0.026345933562428387,-0.0014641288433382149
2020-12-21,566718,0,566718,1.3260000002403114,0.060305343511450345,-0.036827195467421976
2020-12-22,566718,0,566718,1.3260000002403114,0.05676516329704506,-0.05665722379603389
2020-12-23,566718,0,566718,1.3260000002403114,0.08326756116811378,-0.06338028169014075
2020-12-24,566718,0,566718,1.3260000002403114,0.06651017214397494,-0.06382978723404245
2020-12-25,566718,0,566718,1.3260000002403114,0.06715838509316771,-0.05932203389830498
2020-12-28,566718,0,566718,1.3260000002403114,0.058619359814886286,-0.08055555555555548
2020-12-29,566718,0,566718,1.3260000002403114,0.05228505034856709,-0.07692307692307684
2020-12-30,566718,0,566718,1.3260000002403114,0.10719936708860756,-0.06099290780141834
2020-12-31,566718,0,566718,1.3260000002403114,0.1363996827914355,-0.06082036775106072
2021-01-04,566718,0,566718,1.3260000002403114,0.1753554502369668,-0.07172995780590709
2021-01-05,566718,0,566718,1.3260000002403114,0.1759149940968123,-0.07949790794979071
2021-01-06,566718,0,566718,1.3260000002403114,0.15411222136817843,-0.06591865357643749
2021-01-07,566718,0,566718,1.3260000002403114,0.17855765522560743,-0.06582633053221279
2021-01-08,566718,0,566718,1.3260000002403114,0.15922107674684985,-0.052482269503545995
2021-01-11,566718,0,566718,1.3260000002403114,0.13348502085703445,-0.05965909090909081
2021-01-12,566718,0,566718,1.3260000002403114,0.17047184170471838,-0.04604316546762578
2021-01-13,566718,0,566718,1.3260000002403114,0.14323507180650039,-0.04473304473304462
2021-01-14,566718,0,566718,1.3260000002403114,0.14973056197074683,-0.03644314868804668
2021-01-15,566718,0,566718,1.3260000002403114,0.13818043395508203,-0.024890190336749655
2021-01-18,566718,0,566718,1.3260000002403114,0.17108804306036135,-0.021929824561403525
2021-01-19,566718,0,566718,1.3260000002403114,0.12684589170768648,-0.002949852507374634
2021-01-20,566718,0,566718,1.3260000002403114,0.16085489313835782,-0.010355029585798824
2021-01-21,566718,0,566718,1.3260000002403114,0.19085114360704927,-0.007418397626112766
2021-01-22,566718,0,566718,1.3260000002403114,0.20304380103934674,-0.026627218934911264
2021-01-25,566718,0,566718,1.3260000002403114,0.2061011904761904,-0.043988269794721445
2021-01-26,566718,0,566718,1.3260000002403114,0.1346292296616271,-0.04411764705882357
2021-01-27,566718,0,566718,1.3260000002403114,0.16482707873436347,-0.022522522522522542
2021-01-28,566718,0,566718,1.3260000002403114,0.11366120218579229,-0.03308270676691732
2021-01-29,566718,0,566718,1.3260000002403114,0.11115187087307409,-0.027272727272727296
2021-02-01,566718,0,566718,1.3260000002403114,0.11167697344488903,-0.025525525525525547
2021-02-02,566718,0,566718,1.3260000002403114,0.13588342440801449,-0.022658610271903343
2021-02-03,566718,0,566718,1.3260000002403114,0.1431726168568273,-0.02121212121212123
2021-02-04,566718,0,566718,1.3260000002403114,0.10682386566630937,-0.03021148036253779
2021-02-05,566718,0,566718,1.3260000002403114,0.07606420097697138,-0.018072289156626523
2021-02-05,566718,0,566718,1.3260000002403114,0.07606420097697138,-0.012121212121212132
2021-02-09,566718,0,566718,1.3260000002403114,0.08266129032258064,-0.0090909090909091
2021-02-10,566718,0,566718,1.3260000002403114,0.1020749665327979,-0.012012012012012022
2021-02-18,566718,0,566718,1.3260000002403114,0.06626706626706622,0.0074962518740629746
2021-02-19,566718,0,566718,1.3260000002403114,0.03730366492146593,0.0224550898203593
2021-02-22,566718,0,566718,1.3260000002403114,-0.0013175230566534926,0.04380664652567963
2021-02-23,0,0,0,1700155.3260000004,0.006691201070592178,0.03016591251885372
2021-02-24,0,2489246,2489246,0.3080000001937151,-0.0559167750325098,0.03021148036253779
2021-02-25,0,2489246,2489246,0.3080000001937151,-0.04859504132231399,0.055975794251134525
2021-02-26,0,0,0,1739983.262,-0.05791764312018749,0.02852852852852855
2021-03-01,0,0,0,1739983.262,-0.03210702341137126,0.03587443946188327
2021-03-02,0,0,0,1739983.262,-0.06139198949441886,0.020710059171597486
2021-03-03,0,0,0,1739983.262,-0.025537634408602173,0.05381165919282499
2021-03-04,0,0,0,1739983.262,-0.11143410852713184,0.0553064275037368
2021-03-05,0,0,0,1739983.262,-0.12720403022670035,0.056231003039513554
2021-03-08,0,0,0,1739983.262,-0.18759642085776,0.05981595092024528
2021-03-09,0,0,0,1739983.262,-0.2143738433066008,0.055384615384615435
2021-03-10,0,0,0,1739983.262,-0.1795685279187818,0.04454685099846394
2021-03-11,0,0,0,1739983.262,-0.1629816803537587,0.08087091757387237
2021-03-12,0,0,0,1739983.262,-0.13052011776251227,0.10591900311526471
2021-03-15,0,0,0,1739983.262,-0.15648728953449975,0.10015408320493058
2021-03-16,0,0,0,1739983.262,-0.15608638743455494,0.10819165378670781
2021-03-17,0,0,0,1739983.262,-0.16388710711994858,0.10371517027863769
2021-03-18,0,0,0,1739983.262,-0.1468126207340631,0.1121495327102803
2021-03-19,0,0,0,1739983.262,-0.16752743705616518,0.08282208588957045
2021-03-22,0,0,0,1739983.262,-0.15466926070038906,0.09509202453987721
2021-03-23,0,0,0,1739983.262,-0.1995654872749844,0.0764525993883791
2021-03-24,0,0,0,1739983.262,-0.22775584573337382,0.05927051671732511
2021-03-25,0,0,0,1739983.262,-0.198313554028732,0.03571428571428558
2021-03-26,0,0,0,1739983.262,-0.1640378548895899,0.026354319180087706
2021-03-29,0,0,0,1739983.262,-0.13027704485488126,0.031837916063675864
2021-03-30,0,0,0,1739983.262,-0.11166500498504482,0.040995607613469855
2021-03-31,0,0,0,1739983.262,-0.08230027548209362,0.04105571847507319
2021-04-01,0,0,0,1739983.262,-0.05559416261292569,0.022922636103151886
2021-04-02,0,0,0,1739983.262,-0.020611229566453546,0.03357664233576629
2021-04-06,0,0,0,1739983.262,-0.0566689702833449,0.021645021645021665
2021-04-07,0,0,0,1739983.262,-0.05316544246239949,0.03478260869565221
2021-04-08,0,0,0,1739983.262,-0.05931034482758611,0.011347517730496465
2021-04-09,0,2440369,2440369,4880.903000000166,-0.02217375499818246,0.009915014164305958
2021-04-12,0,2447214,2447214,0.41800000016610284,-0.05230880230880232,0.025899280575539592
2021-04-13,0,2447214,2447214,0.41800000016610284,0.006076718571971141,0.026049204052098433
2021-04-14,0,2447214,2447214,0.41800000016610284,0.06281900274833124,0.037900874635568384
2021-04-15,643670,0,643670,10173.34999999986,0.043310131477184884,0.04852941176470576
2021-04-16,0,2449922,2449922,5793.653999999864,0.014339622641509531,0.04172661870503601
2021-04-19,0,2457924,2457924,0.20599999986461626,0.052671181339352946,0.01690140845070424
2021-04-20,634246,0,634246,3885.561999999918,0.09236790606653611,0.007002801120448186
2021-04-21,635638,0,635638,33.897999999918284,0.09112058937572697,0.006973500697350076
2021-04-22,635638,0,635638,33.897999999918284,0.08822401227464517,0.01262272089761572
2021-04-23,635649,0,635649,2.8339999999182837,0.09094339622641513,0.0028011204481792743
2021-04-26,635649,0,635649,2.8339999999182837,0.11012020162853811,0.01133144475920681
2021-04-27,635649,0,635649,2.8339999999182837,0.10625239739163778,-0.004201680672268912
2021-04-28,635649,0,635649,2.8339999999182837,0.1434664598681658,0.01846590909090911
2021-04-29,635649,0,635649,2.8339999999182837,0.1608336610302791,0.04017216642754667
2021-04-30,635649,0,635649,2.8339999999182837,0.16439423451499793,0.03304597701149428
2021-05-06,635649,0,635649,2.8339999999182837,0.09584905660377359,0.03708987161198292
2021-05-07,635649,0,635649,2.8339999999182837,0.06901782328403487,0.026647966339410963
2021-05-10,635650,0,635650,0.013999999918283823,0.0576131687242798,0.039381153305203975
2021-05-11,635650,0,635650,0.013999999918283823,0.0592870544090056,0.03380281690140848
2021-05-12,635650,0,635650,0.013999999918283823,0.05408388520971311,0.0378151260504202
2021-05-13,635650,0,635650,0.013999999918283823,0.03229317851959376,0.04378531073446332
2021-05-14,0,2447123,2447123,2733.9210000000894,0.07582417582417578,0.04237288135593224
2021-05-17,0,0,0,1808710.695,0.11082379017362404,0.03921568627450984
2021-05-18,601500,0,601500,4210.695000000065,0.09530791788856297,0.04347826086956526
2021-05-19,602909,0,602909,33.0100000000657,0.1197026022304833,0.042075736325385735
2021-05-20,602919,0,602919,2.9800000000657008,0.15835553863722893,0.02805049088359049
2021-05-21,602919,0,602919,2.9800000000657008,0.13703284258210646,0.03808180535966153
2021-05-24,602919,0,602919,2.9800000000657008,0.12153675655707433,0.04073033707865172
2021-05-25,602919,0,602919,2.9800000000657008,0.15604151223128254,0.054698457223001457
2021-05-26,602919,0,602919,2.9800000000657008,0.15141369047619047,0.04419889502762435
2021-05-27,602919,0,602919,2.9800000000657008,0.11436740528949244,0.05401662049861501
2021-05-28,602919,0,602919,2.9800000000657008,0.11823719097097818,0.0625869262865091
2021-05-31,602919,0,602919,2.9800000000657008,0.1353944562899786,0.06509695290858732
2021-06-01,602919,0,602919,2.9800000000657008,0.12372224180472328,0.06509695290858732
2021-06-02,602919,0,602919,2.9800000000657008,0.08370805949498443,0.0754189944134079
2021-06-03,602919,0,602919,2.9800000000657008,0.08243101641634656,0.0756302521008404
2021-06-04,602919,0,602919,2.9800000000657008,0.08911234396671294,0.07876230661040795
2021-06-07,602919,0,602919,2.9800000000657008,0.05866395388267211,0.05857740585774064
2021-06-08,602919,0,602919,2.9800000000657008,0.05182926829268294,0.04965517241379315
2021-06-09,602919,0,602919,2.9800000000657008,0.03713616594178662,0.0598052851182198
2021-06-10,0,2452823,2452823,6674.010000000242,0.09469696969696967,0.048143053645116965
2021-06-11,0,0,0,1875725.1360000004,0.13338063142958492,0.038251366120218615
2021-06-15,587081,0,587081,2349.665000000503,0.11602405376724438,0.017591339648173224
2021-06-16,587825,0,587825,9.785000000502805,0.07120085015940492,0.02316076294277931
2021-06-17,587828,0,587828,0.7160000005028042,0.0778359511343804,0.013495276653171403
2021-06-18,587828,0,587828,0.7160000005028042,0.10263620386643227,0.010825439783491214
2021-06-21,587828,0,587828,0.7160000005028042,0.07797071842015665,0.010840108401084021
2021-06-22,587828,0,587828,0.7160000005028042,0.05553708014632518,0.010781671159029659
2021-06-23,587828,0,587828,0.7160000005028042,0.07663989290495318,0.020161290322580662
2021-06-24,587828,0,587828,0.7160000005028042,0.0537848605577689,0.021534320323014826
2021-06-25,587828,0,587828,0.7160000005028042,0.06572461386789344,0.03547066848567534
2021-06-28,587828,0,587828,0.7160000005028042,0.0972775564409031,0.01630434782608697
2021-06-29,587828,0,587828,0.7160000005028042,0.08596837944664036,0.0067476383265857014
2021-06-30,587828,0,587828,0.7160000005028042,0.08143635780698942,-0.002659574468085109
2021-07-01,587828,0,587828,0.7160000005028042,0.07915993537964447,0.001322751322751324
2021-07-02,587828,0,587828,0.7160000005028042,0.03495830660679923,-0.01708278580814719
2021-07-05,587828,0,587828,0.7160000005028042,0.04133290611983339,-0.024869109947644002
2021-07-06,587828,0,587828,0.7160000005028042,0.0003129890453835161,-0.028608582574772456
2021-07-07,587828,0,587828,0.7160000005028042,0.036700125470514426,-0.03120936280884268
2021-07-08,587828,0,587828,0.7160000005028042,0.060325566549632954,-0.0467532467532468
2021-07-09,587828,0,587828,0.7160000005028042,0.06582768635043554,-0.0377604166666667
2021-07-12,587828,0,587828,0.7160000005028042,0.09105380452085324,-0.04041720990873537
2021-07-13,587828,0,587828,0.7160000005028042,0.09256886611146706,-0.02503293807641636
2021-07-14,587828,0,587828,0.7160000005028042,0.08921095008051534,-0.019710906701708296
2021-07-15,587828,0,587828,0.7160000005028042,0.10612903225806443,-0.02230971128608926
2021-07-16,587828,0,587828,0.7160000005028042,0.04687008493236868,-0.017060367454068255
2021-07-19,587828,0,587828,0.7160000005028042,0.04851330203442888,-0.011842105263157906
2021-07-20,587828,0,587828,0.7160000005028042,0.0637083993660856,-0.003989361702127663
2021-07-21,587828,0,587828,0.7160000005028042,0.14252645502645503,-0.005326231691078567
2021-07-22,587828,0,587828,0.7160000005028042,0.11334196891191713,0.0
2021-07-23,587828,0,587828,0.7160000005028042,0.07331845712464137,0.0013386880856760387
2021-07-26,587828,0,587828,0.7160000005028042,0.03284902084649403,-0.02010723860589814
2021-07-27,587828,0,587828,0.7160000005028042,-0.010712035286704414,-0.052000000000000046
2021-07-28,587828,0,587828,0.7160000005028042,-0.010568852968604369,-0.06455862977602114
2021-07-29,587828,0,587828,0.7160000005028042,0.05797101449275367,-0.06324110671936764
2021-07-30,587828,0,587828,0.7160000005028042,0.026210299105766256,-0.06324110671936764
2021-08-02,587828,0,587828,0.7160000005028042,0.026626323751890963,-0.05213903743315513
2021-08-03,587828,0,587828,0.7160000005028042,0.020018198362147355,-0.05764075067024134
2021-08-04,587828,0,587828,0.7160000005028042,0.021642454788022517,-0.05466666666666672
2021-08-05,587828,0,587828,0.7160000005028042,0.0236526946107785,-0.06340819022457073
2021-08-06,587828,0,587828,0.7160000005028042,0.04927176944530532,-0.04679144385026742
2021-08-09,587828,0,587828,0.7160000005028042,0.03015384615384611,-0.028187919463087272
2021-08-10,587828,0,587828,0.7160000005028042,0.0531914893617021,-0.03078982597054889
2021-08-11,587828,0,587828,0.7160000005028042,0.006354009077155796,-0.002684563758389264
2021-08-12,587828,0,587828,0.7160000005028042,-0.012642986152920005,0.0245231607629428
2021-08-13,0,0,0,1916319.9960000005,-0.0163487738419618,0.01623815967523682
2021-08-16,0,0,0,1916319.9960000005,-0.06448789028304643,0.0285326086956522
2021-08-17,0,0,0,1916319.9960000005,-0.08355321020228676,0.008108108108108115
2021-08-18,0,0,0,1916319.9960000005,-0.06564163217031341,0.004021447721179628
2021-08-19,0,0,0,1916319.9960000005,-0.0734908136482939,-0.005369127516778528
2021-08-20,0,0,0,1916319.9960000005,-0.06850961538461532,-0.009345794392523372
2021-08-23,0,0,0,1916319.9960000005,-0.046268656716417986,-0.0026631158455392833
2021-08-24,0,0,0,1916319.9960000005,-0.039034564958283606,0.0026702269692923924
2021-08-25,0,0,0,1916319.9960000005,-0.061939218523878424,0.012048192771084348
2021-08-26,0,0,0,1916319.9960000005,-0.07969749854566609,0.019973368841544624
2021-08-27,0,0,0,1916319.9960000005,-0.062073062073062096,0.02941176470588238
2021-08-30,0,0,0,1916319.9960000005,-0.03241590214067274,0.05882352941176476
2021-08-31,0,0,0,1916319.9960000005,-0.010828025477707085,0.12517580872011264
2021-09-01,0,0,0,1916319.9960000005,-0.027961043041156132,0.11830985915492968
2021-09-02,0,0,0,1916319.9960000005,-0.0929124478856463,0.1378340365682139
2021-09-03,0,0,0,1916319.9960000005,-0.09555288461538464,0.13502109704641363
2021-09-06,0,0,0,1916319.9960000005,-0.07780725022104326,0.1466854724964739
2021-09-07,0,0,0,1916319.9960000005,-0.06422836752899203,0.1806543385490754
2021-09-08,0,0,0,1916319.9960000005,-0.09373186302959952,0.19322990126939354
2021-09-09,0,0,0,1916319.9960000005,-0.08569757238958764,0.22990126939351205
2021-09-10,0,0,0,1916319.9960000005,-0.07412876550502077,0.21318373071528757
2021-09-13,0,0,0,1916319.9960000005,-0.07556750298685773,0.2251381215469614
2021-09-14,0,0,0,1916319.9960000005,-0.0671420083184789,0.2002762430939227
2021-09-15,0,0,0,1916319.9960000005,-0.06644618159951897,0.1641991924629879
2021-09-16,0,0,0,1916319.9960000005,-0.07469512195121941,0.14361702127659573
2021-09-17,0,0,0,1916319.9960000005,-0.04678362573099419,0.12250332889480689
2021-09-22,0,0,0,1916319.9960000005,-0.04304429195258887,0.14663143989431968
2021-09-23,0,0,0,1916319.9960000005,-0.012795905310300715,0.16353887399463807
2021-09-24,0,0,0,1916319.9960000005,-0.016139240506329162,0.11615487316421891
2021-09-27,0,0,0,1916319.9960000005,-0.014793830657853368,0.10526315789473678
2021-09-28,0,0,0,1916319.9960000005,0.004516129032257996,0.13207547169811318
2021-09-29,0,0,0,1916319.9960000005,-0.03505477308294199,0.09212283044058739
2021-09-30,0,0,0,1916319.9960000005,-0.02387596899224805,0.10386151797603191
2021-10-08,0,0,0,1916319.9960000005,-0.03178031471767979,0.0859788359788359
2021-10-11,0,0,0,1916319.9960000005,-0.021491782553729473,0.0822454308093994
2021-10-12,0,0,0,1916319.9960000005,-0.03673210892970238,0.07012987012987004
2021-10-13,0,0,0,1916319.9960000005,-0.0173830594184577,0.04521963824289409
2021-10-14,0,0,0,1916319.9960000005,0.0019317450096587984,0.0037500000000000033
2021-10-15,0,2386450,2386450,2387.096000000369,0.02650290885585013,0.016372795969773313
2021-10-18,0,0,0,1928252.2460000005,0.04136572554169414,0.01730531520395538
2021-10-19,0,0,0,1928252.2460000005,0.06013289036544853,0.019826517967781787
2021-10-20,604278,0,604278,605.4260000004433,0.017897091722595095,-0.007380073800737878
2021-10-21,604278,0,604278,605.4260000004433,0.008579599618684505,-0.012048192771084348
2021-10-22,604468,0,604468,0.46600000044327317,0.019852705731668214,-0.012048192771084348
2021-10-25,604468,0,604468,0.46600000044327317,0.03518873960332704,-0.053191489361702045
2021-10-26,604468,0,604468,0.46600000044327317,0.027432216905901214,-0.08715596330275224
2021-10-27,604468,0,604468,0.46600000044327317,0.035541195476575076,-0.09595375722543348
2021-10-28,604468,0,604468,0.46600000044327317,0.012101910828025418,-0.14430665163472378
2021-10-29,604468,0,604468,0.46600000044327317,0.04637681159420294,-0.13118527042577674
2021-11-01,604468,0,604468,0.46600000044327317,0.062273476112026376,-0.1190751445086705
2021-11-02,604468,0,604468,0.46600000044327317,0.04229899903132071,-0.13488372093023254
2021-11-03,604468,0,604468,0.46600000044327317,0.050195567144719656,-0.09845788849347564
2021-11-04,604468,0,604468,0.46600000044327317,0.05638366817887231,-0.1278801843317972
2021-11-05,604468,0,604468,0.46600000044327317,0.04470890961724035,-0.14516129032258066
2021-11-08,604468,0,604468,0.46600000044327317,0.047284345047923365,-0.11124401913875595
2021-11-09,604468,0,604468,0.46600000044327317,0.05973025048169555,-0.09401709401709397
2021-11-10,604468,0,604468,0.46600000044327317,0.06908855011352566,-0.11904761904761903
2021-11-11,604468,0,604468,0.46600000044327317,0.055908513341804224,-0.07701711491442537
2021-11-12,604468,0,604468,0.46600000044327317,0.05927342256214148,-0.09408926417370321
2021-11-15,604468,0,604468,0.46600000044327317,0.06427648578811364,-0.08769792935444574
2021-11-16,604468,0,604468,0.46600000044327317,0.0788954635108482,-0.10253317249698428
2021-11-17,604468,0,604468,0.46600000044327317,0.06690254100997112,-0.09830097087378636
2021-11-18,604468,0,604468,0.46600000044327317,0.05205655526992285,-0.08405438813349822
2021-11-19,604468,0,604468,0.46600000044327317,0.043136020151133506,-0.06351183063511837
2021-11-22,604468,0,604468,0.46600000044327317,0.06967213114754087,-0.06815365551425037
2021-11-23,604468,0,604468,0.46600000044327317,0.05922908179254154,-0.07776427703523688
2021-11-24,604468,0,604468,0.46600000044327317,0.0555729984301413,-0.0656136087484811
2021-11-25,604468,0,604468,0.46600000044327317,0.06112161310649022,-0.049566294919454815
2021-11-26,604468,0,604468,0.46600000044327317,0.05620094191522757,-0.07804878048780482
2021-11-29,604468,0,604468,0.46600000044327317,0.047280593325092574,-0.06491885143570542
2021-11-30,604468,0,604468,0.46600000044327317,0.05122632722756909,-0.060301507537688495
2021-12-01,604468,0,604468,0.46600000044327317,0.04992199687987524,-0.030690537084399002
2021-12-02,604468,0,604468,0.46600000044327317,0.05569540591567025,0.00527009222661397
2021-12-03,604468,0,604468,0.46600000044327317,0.03724222837796245,0.027814569536423864
2021-12-06,604468,0,604468,0.46600000044327317,0.02171215880893295,0.014435695538057755
2021-12-07,604468,0,604468,0.46600000044327317,0.011771995043370448,0.0537634408602151
2021-12-08,0,2518103,2518103,0.20200000051409006,0.028553693358162657,0.03289473684210529
2021-12-09,0,2518103,2518103,0.20200000051409006,0.02852760736196332,0.039630118890356704
2021-12-10,0,2518103,2518103,0.20200000051409006,0.037561576354679764,0.05660377358490571
2021-12-13,0,2518103,2518103,0.20200000051409006,0.03386211104331902,0.04845222072678335
2021-12-14,0,2518103,2518103,0.20200000051409006,0.02545454545454548,0.0363881401617251
2021-12-15,0,2518103,2518103,0.20200000051409006,0.017900485436893255,0.04864864864864869
2021-12-16,0,2518103,2518103,0.20200000051409006,0.01624548736462102,0.042384105960264935
2021-12-17,0,2518103,2518103,0.20200000051409006,0.001203369434416367,0.04926764314247674
2021-12-20,0,2518103,2518103,0.20200000051409006,-0.021244309559939254,0.04672897196261686
2021-12-21,0,2518103,2518103,0.20200000051409006,-0.010664229128580177,0.07258064516129038
2021-12-22,0,0,0,2001892.0870000005,-0.017184202592704367,0.06998654104979818
2021-12-23,0,0,0,2001892.0870000005,-0.0015271838729382693,0.07827260458839413
2021-12-24,0,0,0,2001892.0870000005,-0.035315424086930274,0.05452127659574473
2021-12-27,0,0,0,2001892.0870000005,-0.05982905982905979,0.059840425531914945
2021-12-28,0,0,0,2001892.0870000005,-0.045562130177514766,0.04216073781291176
2021-12-29,0,0,0,2001892.0870000005,-0.05353955978584181,0.02470741222366712
2021-12-30,0,0,0,2001892.0870000005,-0.044239904988123524,0.028683181225554133
2021-12-31,0,0,0,2001892.0870000005,-0.04340071343638523,0.05158730158730163
2022-01-04,0,0,0,2001892.0870000005,-0.06934198878725284,0.08010680907877177
2022-01-05,0,0,0,2001892.0870000005,-0.09509746012994685,0.08556149732620329
2022-01-06,0,0,0,2001892.0870000005,-0.09836552748885598,0.07915567282321892
2022-01-07,0,0,0,2001892.0870000005,-0.1049180327868852,0.0812581913499344
2022-01-10,0,0,0,2001892.0870000005,-0.11038575667655783,0.06829896907216486
2022-01-11,0,0,0,2001892.0870000005,-0.1013964784456588,0.07632600258732204
2022-01-12,0,0,0,2001892.0870000005,-0.07072872014696872,0.05484693877551011
2022-01-13,0,0,0,2001892.0870000005,-0.09776704888352439,0.06369426751592348
2022-01-14,0,0,0,2001892.0870000005,-0.10080524903071877,0.029224904701397738
2022-01-17,0,0,0,2001892.0870000005,-0.08961424332344214,0.036989795918367235
2022-01-18,0,0,0,2001892.0870000005,-0.10091472410740622,0.05263157894736832
2022-01-19,0,0,0,2001892.0870000005,-0.11790780141843972,0.08582574772431723
2022-01-20,0,0,0,2001892.0870000005,-0.11326378539493291,0.06829896907216486
2022-01-21,0,0,0,2001892.0870000005,-0.1293664890467733,0.04320203303684869
2022-01-24,0,0,0,2001892.0870000005,-0.10997596153846144,0.043147208121827305
2022-01-25,0,0,0,2001892.0870000005,-0.10666666666666676,0.020408163265306138
2022-01-26,0,0,0,2001892.0870000005,-0.10502001847859556,0.010025062656641612
2022-01-27,0,0,0,2001892.0870000005,-0.13650306748466254,0.0025157232704402536
2022-01-28,0,0,0,2001892.0870000005,-0.1376567757724075,-0.010012515644555704
2022-02-07,0,0,0,2001892.0870000005,-0.11451814768460579,0.022698612862547308
2022-02-08,0,0,0,2001892.0870000005,-0.135423197492163,0.04140526976160592
2022-02-09,0,0,0,2001892.0870000005,-0.1348419094854309,0.05436156763590382
2022-02-10,0,0,0,2001892.0870000005,-0.1389063482086737,0.07233502538071059
2022-02-11,0,0,0,2001892.0870000005,-0.1736564150357253,0.07477820025348535
2022-02-14,0,0,0,2001892.0870000005,-0.17775015537600997,0.04528301886792443
2022-02-15,0,0,0,2001892.0870000005,-0.13570069752694988,0.018541409147095057
2022-02-16,0,0,0,2001892.0870000005,-0.11063968668407309,0.027093596059113188
2022-02-17,0,0,0,2001892.0870000005,-0.09558338826631496,0.014669926650366762
2022-02-18,0,0,0,2001892.0870000005,-0.08791208791208799,0.03030303030303033
2022-02-21,0,0,0,2001892.0870000005,-0.09506337558372252,0.02533172496984321
2022-02-22,0,0,0,2001892.0870000005,-0.09527027027027028,0.013221153846153858
2022-02-23,0,0,0,2001892.0870000005,-0.09258649093904452,0.013301088270858538
2022-02-24,0,0,0,2001892.0870000005,-0.0993311036789298,-0.017964071856287442
2022-02-25,0,0,0,2001892.0870000005,-0.08358208955223888,0.008641975308641846
2022-02-28,0,0,0,2001892.0870000005,-0.09191655801825294,0.006150061500615012
2022-03-01,0,0,0,2001892.0870000005,-0.08270429931079758,0.008536585365853666
2022-03-02,0,0,0,2001892.0870000005,-0.0817420435510887,-0.0011976047904191627
2022-03-03,0,0,0,2001892.0870000005,-0.09109243697478989,0.01688781664656214
2022-03-04,0,0,0,2001892.0870000005,-0.09486569194151646,0.018270401948842892
2022-03-07,0,0,0,2001892.0870000005,-0.14145847400405132,0.012165450121654512
2022-03-08,0,0,0,2001892.0870000005,-0.12981603609857678,0.007500000000000007
2022-03-09,0,0,0,2001892.0870000005,-0.14556090846524433,-0.012406947890818868
2022-03-10,0,0,0,2001892.0870000005,-0.0952042628774422,0.008782936010037648
2022-03-11,0,0,0,2001892.0870000005,-0.08371763036537772,0.01896333754740836
2022-03-14,0,0,0,2001892.0870000005,-0.1201413427561837,-0.023427866831072768
2022-03-15,0,0,0,2001892.0870000005,-0.12218999274836845,-0.09999999999999996
2022-03-16,0,0,0,2001892.0870000005,-0.08563238982443565,-0.08513189448441241
2022-03-17,0,0,0,2001892.0870000005,-0.0423357664233577,-0.08520710059171592
2022-03-18,0,0,0,2001892.0870000005,-0.009398496240601637,-0.061320754716981056
2022-03-21,0,0,0,2001892.0870000005,-0.0037792894935751273,-0.04693140794223818
2022-03-22,0,0,0,2001892.0870000005,-0.045487894350697035,-0.024271844660194063
2022-03-23,0,0,0,2001892.0870000005,-0.03522935779816517,-0.034772182254196544
2022-03-24,0,0,0,2001892.0870000005,-0.045189504373177876,-0.032530120481927605
2022-03-25,0,0,0,2001892.0870000005,-0.06352683461117194,-0.055294117647058744
2022-03-28,0,0,0,2001892.0870000005,-0.074087725764836,-0.03176470588235297
2022-03-29,0,0,0,2001892.0870000005,-0.06235997012696035,-0.02846975088967974
2022-03-30,0,0,0,2001892.0870000005,-0.05228758169934645,-0.013126491646778055
2022-03-31,0,0,0,2001892.0870000005,-0.04418863720757527,0.02682926829268295
2022-04-01,0,0,0,2001892.0870000005,-0.06623235613463621,0.046511627906976785
2022-04-06,0,0,0,2001892.0870000005,-0.08470926058865764,0.06234718826405874
2022-04-07,0,0,0,2001892.0870000005,-0.1069767441860465,0.03022974607013304
2022-04-08,0,0,0,2001892.0870000005,-0.09120758847136082,0.038369304556354955
2022-04-11,0,0,0,2001892.0870000005,-0.117603550295858,0.018979833926453162
2022-04-12,0,0,0,2001892.0870000005,-0.08339594290007513,0.017942583732057434
2022-04-13,0,0,0,2001892.0870000005,-0.058592213920566266,0.020432692307692325
2022-04-14,0,0,0,2001892.0870000005,-0.047068209014758805,0.06947890818858553
2022-04-15,0,0,0,2001892.0870000005,-0.03946838501812336,0.07788944723618083
2022-04-18,0,0,0,2001892.0870000005,-0.05300353356890468,0.04975124378109443
2022-04-19,0,0,0,2001892.0870000005,-0.07975222609368966,0.05831265508684855
2022-04-20,0,0,0,2001892.0870000005,-0.08112449799196803,0.0542929292929292
2022-04-21,0,0,0,2001892.0870000005,-0.07476249483684412,0.09638554216867463
2022-04-22,0,0,0,2001892.0870000005,-0.1281347962382445,0.09043250327653991
2022-04-25,0,0,0,2001892.0870000005,-0.19855182926829265,0.03363518758085385
2022-04-26,0,0,0,2001892.0870000005,-0.20834914611005692,0.003768844221105531
2022-04-27,0,0,0,2001892.0870000005,-0.16540212443095598,0.0138888888888889
2022-04-28,0,0,0,2001892.0870000005,-0.17063797079169868,0.01990049751243769
2022-04-29,0,0,0,2001892.0870000005,-0.14644351464435137,0.03478260869565206
2022-05-05,0,0,0,2001892.0870000005,-0.15572519083969463,0.037359900373598896
2022-05-06,0,0,0,2001892.0870000005,-0.15126705653021438,0.00996264009962641
2022-05-09,0,0,0,2001892.0870000005,-0.13933121019108283,-0.009720534629404627
2022-05-10,0,0,0,2001892.0870000005,-0.12226204699322976,0.004884004884004888
2022-05-11,0,0,0,2001892.0870000005,-0.1295019157088123,-0.003627569528415965
2022-05-12,0,0,0,2001892.0870000005,-0.11538461538461528,-0.023752969121140166
2022-05-13,0,0,0,2001892.0870000005,-0.1143410852713178,-0.02105263157894739
2022-05-16,0,0,0,2001892.0870000005,-0.11490196078431361,-0.02876869965477563
2022-05-17,0,0,0,2001892.0870000005,-0.08133012820512814,-0.018779342723004713
2022-05-18,0,0,0,2001892.0870000005,-0.08069048574869532,-0.03926096997690535
2022-05-19,0,0,0,2001892.0870000005,-0.0335289186923722,-0.025611175785797462
2022-05-20,0,0,0,2001892.0870000005,-0.03811475409836065,-0.01292596944770859
2022-05-23,0,0,0,2001892.0870000005,-0.02589807852965759,-0.017667844522968212
2022-05-24,0,0,0,2001892.0870000005,-0.05985768103809117,-0.04988399071925759
2022-05-25,0,0,0,2001892.0870000005,-0.055345911949685404,-0.03030303030303033
2022-05-26,0,0,0,2001892.0870000005,-0.06757877280265333,-0.0035545023696682498
2022-05-27,0,2380371,2380371,0.07600000058300793,-0.05300799326882621,-0.009378663540445495
2022-05-30,0,2380371,2380371,0.07600000058300793,-0.00524475524475525,0.01317365269461079
2022-05-31,0,2380371,2380371,0.07600000058300793,0.04196428571428565,0.030525030525030555
2022-06-01,0,0,0,1999511.7160000005,0.05797752808988764,0.015625000000000014
2022-06-02,849410,0,849410,11042.906000000425,0.13456966238706605,0.050062578222778376
2022-06-06,854038,0,854038,28.266000000425265,0.1874400767018217,0.048811013767208915
2022-06-07,854049,0,854049,1.052000000425263,0.12636363636363637,0.044831880448318706
2022-06-08,854049,0,854049,1.052000000425263,0.15569972196478235,0.02926829268292686
2022-06-09,854049,0,854049,1.052000000425263,0.07976827094474145,0.016806722689075647
2022-06-10,854049,0,854049,1.052000000425263,0.12115732368896916,0.01920768307322931
2022-06-13,854049,0,854049,1.052000000425263,0.13412953605879643,0.029593094944512833
2022-06-14,854049,0,854049,1.052000000425263,0.14477335800185023,0.03803680981595096
2022-06-15,854049,0,854049,1.052000000425263,0.13294010889292182,0.03523693803159177
2022-06-16,854049,0,854049,1.052000000425263,0.10343309859154945,0.018203883495145647
2022-06-17,854049,0,854049,1.052000000425263,0.13482652613087392,0.01703163017031632
2022-06-20,854049,0,854049,1.052000000425263,0.14923413566739593,-0.004778972520908009
2022-06-21,854049,0,854049,1.052000000425263,0.15861763402747012,-0.009478672985782
2022-06-22,854049,0,854049,1.052000000425263,0.13214129960750107,-0.013157894736842117
2022-06-23,854049,0,854049,1.052000000425263,0.17030567685589526,-0.004807692307692312
2022-06-24,854049,0,854049,1.052000000425263,0.18733738074588027,-0.014336917562724028
2022-06-27,854049,0,854049,1.052000000425263,0.16787388155091612,-0.005952380952380958
2022-06-28,854049,0,854049,1.052000000425263,0.18096054888507726,0.005995203836930461
2022-06-29,854049,0,854049,1.052000000425263,0.19456812110418514,0.03174603174603178
2022-06-30,854049,0,854049,1.052000000425263,0.21171770972037277,0.01923076923076925
2022-07-01,854049,0,854049,1.052000000425263,0.2000889284126277,0.008323424494649234
2022-07-04,854049,0,854049,1.052000000425263,0.22167925366503782,0.002366863905325446
2022-07-05,854049,0,854049,1.052000000425263,0.2034270650263621,0.00472813238770686
2022-07-06,854049,0,854049,1.052000000425263,0.1675235646958012,-0.014218009478672999
2022-07-07,854049,0,854049,1.052000000425263,0.17629566694987256,-0.013017751479289952
2022-07-08,854049,0,854049,1.052000000425263,0.14459346186085487,-0.0059594755661501846
2022-07-11,854049,0,854049,1.052000000425263,0.08599111828825196,-0.010739856801909317
2022-07-12,854049,0,854049,1.052000000425263,0.05811138014527832,-0.0035756853396901106
2022-07-13,854049,0,854049,1.052000000425263,0.06856455493183633,-0.009478672985782
2022-07-14,854049,0,854049,1.052000000425263,0.12876599257119267,-0.029515938606847723
2022-07-15,854049,0,854049,1.052000000425263,0.08064516129032265,-0.045936395759717225
2022-07-18,854049,0,854049,1.052000000425263,0.1004455245038478,-0.010778443113772466
2022-07-19,854049,0,854049,1.052000000425263,0.07878787878787873,-0.022458628841607587
2022-07-20,854049,0,854049,1.052000000425263,0.07328794553464169,-0.024647887323943685
2022-07-21,854049,0,854049,1.052000000425263,0.06501794974072589,-0.025029797377830773
2022-07-22,854049,0,854049,1.052000000425263,0.025928792569659336,-0.025119617224880406
2022-07-25,854049,0,854049,1.052000000425263,0.0011424219345011859,-0.02040816326530614
2022-07-26,0,0,0,2244441.824000001,0.007265774378584965,-0.013157894736842117
2022-07-27,0,0,0,2244441.824000001,0.01579352850539288,-0.00363636363636364
2022-07-28,0,0,0,2244441.824000001,-0.019029850746268714,-0.004830917874396139
2022-07-29,0,0,0,2244441.824000001,-0.0525931336742148,-0.009696969696969706
2022-08-01,0,0,0,2244441.824000001,-0.03064574972637726,-0.02155688622754493
2022-08-02,0,0,0,2244441.824000001,-0.054103122730573716,-0.04529201430274127
2022-08-03,0,0,0,2244441.824000001,-0.0484532240029817,-0.06508875739644963
2022-08-04,0,0,0,2244441.824000001,-0.060439560439560454,-0.062499999999999924
2022-08-05,0,0,0,2244441.824000001,-0.034457206372730635,-0.05778301886792445
2022-08-08,0,0,0,2244441.824000001,-0.055999999999999966,-0.047225501770956226
2022-08-09,0,0,0,2244441.824000001,-0.045637093829864916,-0.04588235294117638
2022-08-10,0,0,0,2244441.824000001,-0.05357798165137611,-0.02884615384615374
2022-08-11,0,0,0,2244441.824000001,-0.04405922715781883,-0.02158273381294966
2022-08-12,0,0,0,2244441.824000001,-0.04320761625778099,-0.013189448441247014
2022-08-15,0,0,0,2244441.824000001,-0.01933085501858738,-0.007237635705669488
2022-08-16,0,0,0,2244441.824000001,0.0114416475972541,-0.013157894736842117
2022-08-17,0,0,0,2244441.824000001,0.011257035647279477,-0.010765550239234459
2022-08-18,0,0,0,2244441.824000001,-0.015356489945155326,-0.0012165450121654512
2022-08-19,0,0,0,2244441.824000001,-0.010074626865671692,0.023456790123456674
2022-08-22,0,0,0,2244441.824000001,-0.006624953993375133,0.00847457627118645
2022-08-23,0,0,0,2244441.824000001,0.01011235955056185,0.009673518742442573
2022-08-24,0,0,0,2244441.824000001,-0.02985074626865674,-0.0036101083032491006
2022-08-25,0,2710678,2710678,0.4400000008754432,-0.02996254681647943,0.03178484107579465
2022-08-26,0,2710678,2710678,0.4400000008754432,-0.032063372312334956,0.0355828220858896
2022-08-29,0,2710678,2710678,0.4400000008754432,-0.028908330163560314,0.041666666666666706
2022-08-30,0,2710678,2710678,0.4400000008754432,-0.036446469248291605,0.03272727272727276
2022-08-31,0,0,0,2314919.452000001,-0.05536594615092905,0.030413625304136282
2022-09-01,0,0,0,2314919.452000001,-0.0631418790414606,0.036407766990291295
2022-09-02,0,0,0,2314919.452000001,-0.051272166538165,0.04528763769889845
2022-09-05,0,0,0,2314919.452000001,-0.07150922092585621,0.0636474908200735
2022-09-06,0,0,0,2314919.452000001,-0.052591170825335896,0.09862671660424464
2022-09-07,0,0,0,2314919.452000001,-0.023501762632197436,0.1164556962025316
2022-09-08,0,0,0,2314919.452000001,-0.045614035087719294,0.11069182389937102
2022-09-09,0,0,0,2314919.452000001,-0.049884881043745166,0.11889862327909884
2022-09-13,0,0,0,2314919.452000001,-0.04661016949152542,0.10161090458488223
2022-09-14,0,0,0,2314919.452000001,-0.0700076511094108,0.08508014796547465
2022-09-15,0,0,0,2314919.452000001,-0.08918185343156261,0.1002475247524752
2022-09-16,0,0,0,2314919.452000001,-0.13222516055912342,0.055147058823529466
2022-09-19,0,0,0,2314919.452000001,-0.12552621507845382,0.044957472660996395
2022-09-20,0,0,0,2314919.452000001,-0.12926459438968907,0.03888213851761851
2022-09-21,0,0,0,2314919.452000001,-0.14592760180995476,0.04727272727272732
2022-09-22,0,0,0,2314919.452000001,-0.16437847866419297,0.03990326481257561
2022-09-23,0,0,0,2314919.452000001,-0.1685852209431861,0.03775883069427531
2022-09-26,0,0,0,2314919.452000001,-0.15077271013946472,0.010856453558504233
2022-09-27,0,0,0,2314919.452000001,-0.14560948499444232,0.014405762304921983
2022-09-28,0,0,0,2314919.452000001,-0.16611049314052648,0.005988023952095814
2022-09-29,0,0,0,2314919.452000001,-0.12807692307692314,0.004830917874396139
2022-09-30,0,0,0,2314919.452000001,-0.1424710424710424,-0.010663507109004749
2022-10-10,0,0,0,2314919.452000001,-0.15588464536243177,-0.0023696682464455
2022-10-11,0,0,0,2314919.452000001,-0.14140227183705437,-0.014117647058823542
2022-10-12,0,0,0,2314919.452000001,-0.10401891252955076,-0.008215962441314562
2022-10-13,0,0,0,2314919.452000001,-0.08390204737053394,-0.001180637544273909
2022-10-14,0,0,0,2314919.452000001,-0.03978887535525776,-0.008196721311475417
2022-10-17,0,0,0,2314919.452000001,-0.040227549776513515,-0.012880562060889942
2022-10-18,0,0,0,2314919.452000001,-0.03810295905958649,-0.03222094361334871
2022-10-19,0,0,0,2314919.452000001,-0.04578606158833063,-0.050000000000000044
2022-10-20,0,0,0,2314919.452000001,-0.0625752105896509,-0.05895691609977329
2022-10-21,0,0,0,2314919.452000001,-0.051879084967320174,-0.056625141562853955
2022-10-24,0,0,0,2314919.452000001,-0.08481421647819061,-0.08836689038031327
2022-10-25,0,0,0,2314919.452000001,-0.09454545454545453,-0.0899887514060742
2022-10-26,0,0,0,2314919.452000001,-0.05306458247634718,-0.08749999999999995
2022-10-27,0,0,0,2314919.452000001,-0.03575989782886337,-0.09336332958380199
2022-10-28,1022039,0,1022039,18397.819000001065,-0.047888550282977935,-0.08013937282229959
2022-10-31,1030451,0,1030451,177.4270000010656,-0.03632385120350117,-0.1023255813953488
2022-11-01,1030531,0,1030531,0.7870000010655929,-0.009577710056595664,-0.08771929824561399
2022-11-02,1030531,0,1030531,0.7870000010655929,0.01766004415011039,-0.08449074074074069
2022-11-03,1030531,0,1030531,0.7870000010655929,0.025310834813499286,-0.08720930232558134
2022-11-04,1030531,0,1030531,0.7870000010655929,0.06431442608307286,-0.06690140845070415
2022-11-07,1030531,0,1030531,0.7870000010655929,0.05592543275632485,-0.04295942720763714
2022-11-08,1030531,0,1030531,0.7870000010655929,0.024718126626192514,-0.0532544378698224
2022-11-09,1030531,0,1030531,0.7870000010655929,0.0342374388617163,-0.04642857142857134
2022-11-10,1030531,0,1030531,0.7870000010655929,0.009263343625937321,-0.03725961538461529
2022-11-11,1030531,0,1030531,0.7870000010655929,0.049076992345790174,-0.01317365269461079
2022-11-14,1030531,0,1030531,0.7870000010655929,0.06278855032317641,-0.028503562945368197
2022-11-15,1030531,0,1030531,0.7870000010655929,0.07709854014598541,-0.01670644391408116
2022-11-16,1030531,0,1030531,0.7870000010655929,0.024626209322779265,-0.028402366863905352
2022-11-17,1030531,0,1030531,0.7870000010655929,0.01489921121822954,-0.03191489361702131
2022-11-18,1030531,0,1030531,0.7870000010655929,-0.021141649048625904,-0.03659976387249118
2022-11-21,1030531,0,1030531,0.7870000010655929,-0.018204911092294728,-0.03914590747330951
2022-11-22,1030531,0,1030531,0.7870000010655929,-0.042140750105351905,-0.026159334126040452
2022-11-23,0,0,0,2338275.626000001,-0.03651804670912945,-0.010765550239234459
2022-11-24,0,0,0,2338275.626000001,-0.03123662815575541,-0.001204819277108435
2022-11-25,0,0,0,2338275.626000001,-0.03403705299439904,0.01920768307322931
2022-11-28,0,2754152,2754152,24787.946000001393,-0.014563106796116469,0.0306748466257669
2022-11-29,0,2754152,2754152,24787.946000001393,0.0120481927710842,0.06798516687268225
2022-11-30,0,2782841,2782841,115.40600000139239,-0.01607298001737616,0.07596513075965124
2022-12-01,0,0,0,2398924.348000001,0.02030905077262685,0.06451612903225798
2022-12-02,0,0,0,2398924.348000001,0.058984910836762695,0.07449494949494942
2022-12-05,0,0,0,2398924.348000001,0.050408719346049145,0.12176165803108804
2022-12-06,0,0,0,2398924.348000001,0.019340659340659358,0.1038461538461538
2022-12-07,0,0,0,2398924.348000001,0.016485900216919657,0.08217446270543609
2022-12-08,0,0,0,2398924.348000001,0.012559549588566442,0.09681528662420376
2022-12-09,0,0,0,2398924.348000001,-0.01468736886277807,0.07798742138364773
2022-12-12,0,0,0,2398924.348000001,-0.019335855401429097,0.04738154613466324
2022-12-13,0,0,0,2398924.348000001,-0.024545069826491676,0.05374999999999991
2022-12-14,0,0,0,2398924.348000001,-0.01160791057609636,0.047440699126092285
2022-12-15,0,0,0,2398924.348000001,0.016608391608391723,0.038701622971285786
2022-12-16,0,2883322,2883322,2883.7660000012256,-0.013733905579399153,0.01699029126213594
2022-12-19,0,2883322,2883322,2883.7660000012256,-0.01216333622936578,0.009779951100244507
2022-12-20,0,2886813,2886813,3.6910000012258024,-0.04997882253282521,-0.00728155339805826
2022-12-21,0,0,0,2364303.5380000006,-0.03862660944206003,-0.003654080389768578
2022-12-22,0,0,0,2364303.5380000006,-0.03497409326424869,-0.006105006105006111
2022-12-23,0,0,0,2364303.5380000006,-0.04017278617710582,-0.008578431372548892
2022-12-26,0,0,0,2364303.5380000006,-0.0245795601552393,-0.001234567901234569
2022-12-27,0,0,0,2364303.5380000006,0.008798944126704802,0.0
2022-12-28,0,0,0,2364303.5380000006,-0.0008814455707361056,-0.010882708585247895
2022-12-29,0,0,0,2364303.5380000006,0.005742049469964817,-0.018094089264173722
2022-12-30,0,0,0,2364303.5380000006,0.016503122212310404,-0.03651354534746764
2023-01-03,0,0,0,2364303.5380000006,0.025078369905956133,-0.02142857142857145
2023-01-04,0,0,0,2364303.5380000006,-0.0004409171075837257,-0.04282407407407411
2023-01-05,0,0,0,2364303.5380000006,0.028697571743929336,-0.043981481481481524
2023-01-06,0,0,0,2364303.5380000006,0.016875811337083577,-0.03613053613053616
2023-01-09,0,0,0,2364303.5380000006,0.021157167530224688,-0.029377203290246796
2023-01-10,0,0,0,2364303.5380000006,0.03804582792909625,-0.053117782909930765
2023-01-11,0,0,0,2364303.5380000006,0.023717119448038018,-0.042973286875725936
2023-01-12,0,0,0,2364303.5380000006,0.016645326504481497,-0.03971962616822434
2023-01-13,0,0,0,2364303.5380000006,0.03378956372968338,-0.034843205574912925
2023-01-16,0,0,0,2364303.5380000006,0.048551959114139835,-0.02917152858809804
2023-01-17,0,0,0,2364303.5380000006,0.058722674667809685,-0.011904761904761916
2023-01-18,0,0,0,2364303.5380000006,0.07071583514099775,-0.010676156583629902
2023-01-19,957983,0,957983,2875.4430000009015,0.08568943018703787,-0.0023837902264600736
2023-01-20,957983,0,957983,2875.4430000009015,0.0778159931212382,0.015625000000000014
2023-01-30,957983,0,957983,2875.4430000009015,0.10226283724978236,0.0023866348448687374
2023-01-31,959118,0,959118,0.488000000901593,0.10246262093227797,0.021791767554479438
2023-02-01,959118,0,959118,0.488000000901593,0.13107445385644229,0.03789731051344747
2023-02-02,959118,0,959118,0.488000000901593,0.1267857142857142,0.03667481662591691
2023-02-03,959118,0,959118,0.488000000901593,0.11856823266219245,0.03562653562653566
2023-02-06,959118,0,959118,0.488000000901593,0.11071107110711072,0.03831891223732993
2023-02-07,959118,0,959118,0.488000000901593,0.08797524314765687,0.04202719406674897
2023-02-08,959118,0,959118,0.488000000901593,0.0671609245529873,0.025641025641025664
2023-02-09,959118,0,959118,0.488000000901593,0.09969122187913541,0.03545232273838634
2023-02-10,959118,0,959118,0.488000000901593,0.082564778216952,0.0454545454545455
2023-02-13,959118,0,959118,0.488000000901593,0.09477841158402817,0.04400977995110029
2023-02-14,959118,0,959118,0.488000000901593,0.08781127129750986,0.04257907542579079
2023-02-15,959118,0,959118,0.488000000901593,0.08866343184825765,0.033857315598549
2023-02-16,959118,0,959118,0.488000000901593,0.0454935622317596,0.031476997578692524
2023-02-17,959118,0,959118,0.488000000901593,0.011914893617021288,0.026602176541717076
2023-02-20,0,0,0,2275028.384000001,0.016067653276955522,0.049636803874092056
2023-02-21,0,2624023,2624023,5248.489000000991,-0.0024989587671802515,0.06829268292682933
2023-02-22,0,2630014,2630014,24.337000000990884,0.0012636899747260613,0.06553398058252434
2023-02-23,0,0,0,2319696.685000001,0.0012594458438285766,0.06326034063260347
2023-02-24,0,0,0,2319696.685000001,-0.024824162184526113,0.05294825511432014
2023-02-27,0,0,0,2319696.685000001,-0.049553208773355124,0.04687500000000004
2023-02-28,0,0,0,2319696.685000001,-0.04493927125506081,0.05421686746987957
2023-03-01,0,0,0,2319696.685000001,-0.0388978930307942,0.055155875299760244
2023-03-02,0,0,0,2319696.685000001,-0.05969551282051283,0.060931899641577116
2023-03-03,0,0,0,2319696.685000001,-0.061826884722776324,0.05917159763313615
2023-03-06,0,0,0,2319696.685000001,-0.06790367153572827,0.06547619047619054
2023-03-07,0,0,0,2319696.685000001,-0.07778220981252504,0.056872037914691996
2023-03-08,0,0,0,2319696.685000001,-0.0902640914465905,0.048292108362779786
2023-03-09,0,0,0,2319696.685000001,-0.08755942947702064,0.04834905660377363
2023-03-10,0,0,0,2319696.685000001,-0.08000000000000007,0.03321470937129303
2023-03-13,0,0,0,2319696.685000001,-0.07333873581847652,0.05119047619047624
2023-03-14,0,0,0,2319696.685000001,-0.07517269402681839,0.04270462633451961
2023-03-15,0,0,0,2319696.685000001,-0.07315079689415621,0.06309523809523815
2023-03-16,0,0,0,2319696.685000001,-0.1042920176494183,0.04604486422668245
2023-03-17,0,0,0,2319696.685000001,-0.09614604462474631,0.05757931844888372
2023-03-20,0,0,0,2319696.685000001,-0.1078156312625251,0.046838407494145244
2023-03-21,0,0,0,2319696.685000001,-0.09036144578313256,0.04084014002333726
2023-03-22,0,0,0,2319696.685000001,-0.08022690437601294,0.0491228070175439
2023-03-23,0,0,0,2319696.685000001,-0.06075533661740564,0.05281690140845075
2023-03-24,0,0,0,2319696.685000001,-0.03406223717409586,0.048292108362779786
2023-03-27,0,0,0,2319696.685000001,-0.03329171868497714,0.018454440599769337
2023-03-28,0,0,0,2319696.685000001,-0.040501043841336105,0.011415525114155261
2023-03-29,0,0,0,2319696.685000001,-0.03365586874211175,0.003416856492027338
2023-03-30,0,0,0,2319696.685000001,-0.030188679245282863,0.010297482837528613
2023-03-31,0,0,0,2319696.685000001,-0.0127280441238864,0.013714285714285726
2023-04-03,0,0,0,2319696.685000001,0.011111111111111217,0.028702640642939176
2023-04-04,0,0,0,2319696.685000001,-0.0038151759220008043,0.030857142857142885
2023-04-06,0,0,0,2319696.685000001,-0.0075885328836424095,0.0181818181818182
2023-04-07,0,0,0,2319696.685000001,0.009373668512995417,0.005630630630630636
2023-04-10,0,0,0,2319696.685000001,0.006802721088435381,-0.003351955307262573
2023-04-11,979601,0,979601,981.1180000011809,0.0004235493434984709,0.010055865921787718
2023-04-12,0,0,0,2316757.8820000007,0.01773356401384099,0.03363228699551572
2023-04-13,0,0,0,2316757.8820000007,0.010398613518197583,0.03707865168539329
2023-04-14,0,2510030,2510030,0.19200000073760748,0.022579244463742966,0.03374578177727787
2023-04-17,0,2510030,2510030,0.19200000073760748,0.027826086956521764,0.0665901262916189
2023-04-18,0,2510030,2510030,0.19200000073760748,0.029296020988194216,0.05549263873159688
2023-04-19,0,2510030,2510030,0.19200000073760748,0.027680140597539617,0.06257110352673498
2023-04-20,0,2510030,2510030,0.19200000073760748,0.020282186948853732,0.053751399776035755
2023-04-21,0,2510030,2510030,0.19200000073760748,0.016121809225257515,0.04740406320541765
2023-04-24,0,2510030,2510030,0.19200000073760748,0.002692998204667766,0.03333333333333336
2023-04-25,0,2510030,2510030,0.19200000073760748,-0.014824797843665732,0.046979865771812124
2023-04-26,0,2510030,2510030,0.19200000073760748,-0.01721854304635768,0.05156950672645732
2023-04-27,0,0,0,2346878.2420000006,-0.013215859030836918,0.04793756967670003
2023-04-28,0,0,0,2346878.2420000006,-0.01442307692307689,0.07023411371237452
2023-05-04,0,0,0,2346878.2420000006,-0.02916848062690473,0.11123595505617975
2023-05-05,0,0,0,2346878.2420000006,-0.05208781747739991,0.11438278595696487
2023-05-08,0,0,0,2346878.2420000006,-0.036988685813751074,0.14108352144469513
2023-05-09,0,0,0,2346878.2420000006,-0.05093600348280365,0.13280363223609534
2023-05-10,0,0,0,2346878.2420000006,-0.04928664072632958,0.101925254813137
2023-05-11,0,0,0,2346878.2420000006,-0.04984959174903313,0.10484780157835397
2023-05-12,0,0,0,2346878.2420000006,-0.07650042265426883,0.07477678571428566
2023-05-15,0,0,0,2346878.2420000006,-0.04936170212765962,0.06319290465631922
2023-05-16,0,0,0,2346878.2420000006,-0.0535259133389974,0.05691964285714278
2023-05-17,0,0,0,2346878.2420000006,-0.059096665259603255,0.05935050391937283
2023-05-18,0,0,0,2346878.2420000006,-0.0646114864864865,0.07174887892376676
2023-05-19,0,0,0,2346878.2420000006,-0.06223539373412373,0.04092920353982292
2023-05-22,0,0,0,2346878.2420000006,-0.05907352316192105,0.018438177874186445
2023-05-23,0,0,0,2346878.2420000006,-0.06217838765008577,0.0032502708559046614
2023-05-24,0,0,0,2346878.2420000006,-0.07303609341825909,-0.006528835690968449
2023-05-25,0,0,0,2346878.2420000006,-0.07614213197969531,-0.023681377825618966
2023-05-26,0,0,0,2346878.2420000006,-0.07943925233644872,-0.010729613733905588
2023-05-29,0,0,0,2346878.2420000006,-0.08379649422830276,-0.010706638115631701
2023-05-30,0,0,0,2346878.2420000006,-0.06871218668971489,-0.0106269925611051
2023-05-31,0,0,0,2346878.2420000006,-0.060819744380784635,-0.005387931034482763
2023-06-01,0,0,0,2346878.2420000006,-0.03849597135183521,-0.003225806451612906
2023-06-02,0,0,0,2346878.2420000006,-0.008207934336525417,-0.009615384615384623
2023-06-05,0,0,0,2346878.2420000006,-0.03728661275831095,0.0010660980810234552
2023-06-06,0,0,0,2346878.2420000006,-0.05982142857142872,-0.009574468085106274
2023-06-07,0,0,0,2346878.2420000006,-0.07982261640798213,-0.019791666666666687
