,open,close,low,high,volume,money,factor,pre_close
2006-06-01 09:31:00,1076.79,1077.16,1076.21,1077.52,14361700.0,1546047108830.0,1.0,1078.86
2006-06-01 09:32:00,1076.72,1076.29,1076.02,1077.4,4897200.0,76531592.0,1.0,1077.16
2006-06-01 09:33:00,1076.22,1074.78,1074.78,1076.28,7530700.0,28423784.0,1.0,1076.29
2006-06-01 09:34:00,1074.66,1074.49,1073.84,1074.66,6584900.0,40042896.0,1.0,1074.78
2006-06-01 09:35:00,1074.19,1074.37,1073.83,1074.61,6542200.0,37045440.0,1.0,1074.49
2006-06-01 09:36:00,1074.63,1074.7,1074.17,1074.87,7728900.0,38070240.0,1.0,1074.37
2006-06-01 09:37:00,1074.68,1076.41,1074.68,1076.41,9352700.0,43378576.0,1.0,1074.7
2006-06-01 09:38:00,1076.72,1077.93,1076.53,1078.16,9382300.0,53479536.0,1.0,1076.41
2006-06-01 09:39:00,1077.82,1080.22,1077.82,1080.22,8905300.0,53417376.0,1.0,1077.93
2006-06-01 09:40:00,1079.86,1080.51,1079.86,1080.92,11301300.0,49321856.0,1.0,1080.22
2006-06-01 09:41:00,1080.99,1081.76,1080.97,1082.22,9785400.0,56259040.0,1.0,1080.51
2006-06-01 09:42:00,1082.09,1083.49,1082.09,1083.49,9363400.0,51200320.0,1.0,1081.76
2006-06-01 09:43:00,1083.59,1084.3,1083.38,1084.58,7838100.0,50202912.0,1.0,1083.49
2006-06-01 09:44:00,1084.45,1085.14,1084.45,1085.66,6922500.0,41535232.0,1.0,1084.3
2006-06-01 09:45:00,1085.49,1084.97,1084.73,1085.49,7153900.0,41360960.0,1.0,1085.14
2006-06-01 09:46:00,1085.03,1085.44,1085.01,1085.72,6793500.0,43662528.0,1.0,1084.97
2006-06-01 09:47:00,1085.35,1084.95,1084.74,1085.64,6866500.0,37668864.0,1.0,1085.44
2006-06-01 09:48:00,1084.9,1084.26,1083.87,1084.9,6301000.0,42442752.0,1.0,1084.95
2006-06-01 09:49:00,1084.46,1082.89,1082.82,1084.46,8764400.0,37695808.0,1.0,1084.26
2006-06-01 09:50:00,1082.23,1081.91,1081.91,1082.79,6126800.0,62714240.0,1.0,1082.89
2006-06-01 09:51:00,1082.01,1081.32,1080.96,1082.31,4884400.0,43921152.0,1.0,1081.91
2006-06-01 09:52:00,1080.78,1080.82,1080.78,1081.44,5018000.0,31279488.0,1.0,1081.32
2006-06-01 09:53:00,1081.16,1081.36,1080.7,1081.36,7182900.0,31938368.0,1.0,1080.82
2006-06-01 09:54:00,1081.51,1081.3,1081.04,1081.6,3884600.0,39288384.0,1.0,1081.36
2006-06-01 09:55:00,1081.38,1081.16,1081.16,1081.59,5059400.0,28499648.0,1.0,1081.3
2006-06-01 09:56:00,1081.49,1081.47,1081.08,1081.9,4394000.0,30821632.0,1.0,1081.16
2006-06-01 09:57:00,1081.8,1081.96,1081.53,1082.16,5547400.0,25829632.0,1.0,1081.47
2006-06-01 09:58:00,1082.17,1082.19,1081.76,1082.47,5035300.0,30515200.0,1.0,1081.96
2006-06-01 09:59:00,1082.32,1083.15,1082.32,1083.27,5629800.0,30245120.0,1.0,1082.19
2006-06-01 10:00:00,1083.79,1084.16,1083.35,1084.16,6788400.0,30489728.0,1.0,1083.15
2006-06-01 10:01:00,1084.35,1085.01,1084.35,1085.27,7218700.0,38070144.0,1.0,1084.16
2006-06-01 10:02:00,1085.31,1086.31,1085.31,1086.35,9456600.0,40001408.0,1.0,1085.01
2006-06-01 10:03:00,1086.62,1088.25,1086.53,1088.25,8874900.0,45834368.0,1.0,1086.31
2006-06-01 10:04:00,1088.61,1089.71,1088.33,1089.91,7695800.0,45715328.0,1.0,1088.25
2006-06-01 10:05:00,1089.72,1090.39,1089.68,1090.39,9434600.0,43081088.0,1.0,1089.71
2006-06-01 10:06:00,1090.63,1090.71,1090.35,1090.92,8494200.0,53477504.0,1.0,1090.39
2006-06-01 10:07:00,1090.85,1090.06,1090.06,1090.85,10790600.0,46664320.0,1.0,1090.71
2006-06-01 10:08:00,1090.28,1089.78,1089.69,1090.28,6204100.0,54946048.0,1.0,1090.06
2006-06-01 10:09:00,1089.47,1089.2,1089.2,1089.6,8401900.0,34073088.0,1.0,1089.78
2006-06-01 10:10:00,1088.91,1088.76,1088.76,1089.47,6516400.0,48232192.0,1.0,1089.2
2006-06-01 10:11:00,1088.64,1088.06,1087.9,1088.64,6607700.0,36182016.0,1.0,1088.76
2006-06-01 10:12:00,1087.8,1087.75,1087.31,1087.89,4130900.0,35099392.0,1.0,1088.06
2006-06-01 10:13:00,1087.51,1087.91,1087.39,1088.03,4596600.0,23476480.0,1.0,1087.75
2006-06-01 10:14:00,1087.95,1088.11,1087.41,1088.11,6653800.0,28364544.0,1.0,1087.91
2006-06-01 10:15:00,1088.31,1088.78,1087.66,1088.78,5825100.0,42491264.0,1.0,1088.11
2006-06-01 10:16:00,1088.44,1089.11,1088.4,1089.27,5330200.0,36904448.0,1.0,1088.78
2006-06-01 10:17:00,1089.46,1089.64,1089.13,1089.64,6848200.0,34630784.0,1.0,1089.11
2006-06-01 10:18:00,1089.7,1089.67,1089.47,1089.73,5548700.0,41208704.0,1.0,1089.64
2006-06-01 10:19:00,1089.51,1089.16,1088.63,1089.92,7914100.0,39791488.0,1.0,1089.67
2006-06-01 10:20:00,1089.31,1088.6,1088.55,1089.31,7589600.0,47951104.0,1.0,1089.16
2006-06-01 10:21:00,1088.87,1088.29,1088.12,1088.87,5461800.0,47501824.0,1.0,1088.6
2006-06-01 10:22:00,1088.55,1087.62,1087.36,1088.55,6989500.0,36828160.0,1.0,1088.29
2006-06-01 10:23:00,1087.84,1087.57,1087.16,1087.84,4925200.0,48088576.0,1.0,1087.62
2006-06-01 10:24:00,1086.6,1087.05,1086.6,1087.14,5525400.0,34984704.0,1.0,1087.57
2006-06-01 10:25:00,1086.71,1086.34,1085.98,1086.81,5806500.0,33332224.0,1.0,1087.05
2006-06-01 10:26:00,1086.63,1086.47,1085.79,1086.64,4962000.0,36880384.0,1.0,1086.34
2006-06-01 10:27:00,1085.77,1086.31,1085.58,1086.31,5110500.0,34121216.0,1.0,1086.47
2006-06-01 10:28:00,1086.09,1087.18,1085.92,1087.18,4336700.0,35364608.0,1.0,1086.31
2006-06-01 10:29:00,1086.78,1087.65,1086.61,1087.65,5209000.0,30690816.0,1.0,1087.18
2006-06-01 10:30:00,1087.37,1088.03,1087.37,1088.1,5704700.0,40038912.0,1.0,1087.65
2006-06-01 10:31:00,1088.13,1088.93,1088.13,1089.13,7682600.0,35959296.0,1.0,1088.03
2006-06-01 10:32:00,1089.05,1089.68,1088.28,1089.68,7591700.0,43078912.0,1.0,1088.93
2006-06-01 10:33:00,1090.03,1089.92,1089.41,1090.03,4983300.0,47087360.0,1.0,1089.68
2006-06-01 10:34:00,1089.92,1089.38,1089.37,1089.92,5612700.0,26713600.0,1.0,1089.92
2006-06-01 10:35:00,1089.39,1089.33,1089.21,1089.9,5500400.0,31279872.0,1.0,1089.38
2006-06-01 10:36:00,1089.78,1089.74,1089.19,1089.9,5637700.0,32062208.0,1.0,1089.33
2006-06-01 10:37:00,1089.87,1089.68,1089.56,1089.97,5965400.0,36761600.0,1.0,1089.74
2006-06-01 10:38:00,1090.11,1090.22,1090.07,1090.86,4937500.0,33383936.0,1.0,1089.68
2006-06-01 10:39:00,1090.63,1090.63,1090.33,1090.91,3933400.0,29807872.0,1.0,1090.22
2006-06-01 10:40:00,1090.88,1090.69,1090.26,1090.88,6506400.0,23832320.0,1.0,1090.63
2006-06-01 10:41:00,1090.83,1090.54,1090.41,1091.07,7034200.0,40235776.0,1.0,1090.69
2006-06-01 10:42:00,1090.59,1090.64,1090.48,1091.2,6933200.0,44316416.0,1.0,1090.54
2006-06-01 10:43:00,1090.8,1090.62,1090.48,1091.15,6590400.0,36997632.0,1.0,1090.64
2006-06-01 10:44:00,1090.59,1090.58,1090.53,1090.98,6273700.0,38945536.0,1.0,1090.62
2006-06-01 10:45:00,1090.66,1090.51,1090.51,1090.99,6096600.0,34396160.0,1.0,1090.58
2006-06-01 10:46:00,1090.65,1090.78,1090.52,1091.03,5983600.0,32739328.0,1.0,1090.51
2006-06-01 10:47:00,1090.97,1091.13,1090.56,1091.13,6014300.0,30024192.0,1.0,1090.78
2006-06-01 10:48:00,1090.56,1090.83,1090.56,1091.05,4972400.0,33851648.0,1.0,1091.13
2006-06-01 10:49:00,1091.42,1090.86,1090.72,1091.42,5515000.0,30041856.0,1.0,1090.83
2006-06-01 10:50:00,1091.37,1091.52,1091.22,1091.89,7218700.0,31387136.0,1.0,1090.86
2006-06-01 10:51:00,1091.9,1091.86,1091.6,1091.99,6569700.0,41550592.0,1.0,1091.52
2006-06-01 10:52:00,1091.98,1092.38,1091.69,1092.38,7219700.0,36383232.0,1.0,1091.86
2006-06-01 10:53:00,1092.76,1093.28,1092.64,1093.28,8185000.0,43162624.0,1.0,1092.38
2006-06-01 10:54:00,1093.15,1094.27,1093.15,1094.27,7216400.0,48377600.0,1.0,1093.28
2006-06-01 10:55:00,1094.32,1094.79,1094.06,1095.06,10324600.0,45157120.0,1.0,1094.27
2006-06-01 10:56:00,1094.88,1095.76,1094.88,1095.76,11194900.0,61085696.0,1.0,1094.79
2006-06-01 10:57:00,1095.45,1096.27,1095.45,1096.33,10057500.0,57175552.0,1.0,1095.76
2006-06-01 10:58:00,1096.32,1097.33,1096.32,1097.33,10262000.0,58627584.0,1.0,1096.27
2006-06-01 10:59:00,1097.2,1098.65,1097.2,1098.65,14218300.0,61506560.0,1.0,1097.33
2006-06-01 11:00:00,1098.86,1099.19,1098.77,1099.46,9732700.0,87994368.0,1.0,1098.65
2006-06-01 11:01:00,1099.42,1099.02,1098.61,1099.63,10772900.0,62804480.0,1.0,1099.19
2006-06-01 11:02:00,1098.75,1099.1,1098.75,1099.38,10239300.0,69538816.0,1.0,1099.02
2006-06-01 11:03:00,1098.98,1099.37,1098.79,1099.37,9833300.0,68045824.0,1.0,1099.1
2006-06-01 11:04:00,1099.16,1099.38,1099.1,1099.79,8602400.0,60950528.0,1.0,1099.37
2006-06-01 11:05:00,1099.66,1098.81,1098.75,1099.66,6824200.0,52099328.0,1.0,1099.38
2006-06-01 11:06:00,1099.13,1098.46,1098.46,1099.13,7715300.0,46725632.0,1.0,1098.81
2006-06-01 11:07:00,1098.89,1098.18,1098.18,1098.89,7425400.0,47425536.0,1.0,1098.46
2006-06-01 11:08:00,1097.97,1098.16,1097.68,1098.16,5431400.0,43769600.0,1.0,1098.18
2006-06-01 11:09:00,1098.13,1097.52,1097.45,1098.21,5379000.0,32771328.0,1.0,1098.16
2006-06-01 11:10:00,1097.81,1097.65,1097.41,1098.05,4903500.0,30754816.0,1.0,1097.52
2006-06-01 11:11:00,1097.98,1098.47,1097.73,1098.47,5277200.0,26103040.0,1.0,1097.65
2006-06-01 11:12:00,1098.33,1098.16,1098.16,1098.69,5514400.0,29879552.0,1.0,1098.47
2006-06-01 11:13:00,1098.14,1099.02,1098.14,1099.08,4555400.0,33460224.0,1.0,1098.16
2006-06-01 11:14:00,1099.27,1099.5,1099.01,1099.82,4957700.0,25034240.0,1.0,1099.02
2006-06-01 11:15:00,1099.72,1099.83,1099.57,1100.18,8979600.0,26057984.0,1.0,1099.5
2006-06-01 11:16:00,1099.95,1100.21,1099.85,1100.46,7018400.0,40595200.0,1.0,1099.83
2006-06-01 11:17:00,1100.58,1100.73,1100.23,1100.86,8211200.0,37941248.0,1.0,1100.21
2006-06-01 11:18:00,1100.92,1101.04,1100.66,1101.17,8678000.0,50463744.0,1.0,1100.73
2006-06-01 11:19:00,1101.05,1101.44,1100.43,1101.44,9455600.0,45923840.0,1.0,1101.04
2006-06-01 11:20:00,1101.37,1101.35,1100.99,1101.46,7535600.0,44830208.0,1.0,1101.44
2006-06-01 11:21:00,1101.45,1101.8,1101.1,1102.11,6550100.0,36763136.0,1.0,1101.35
2006-06-01 11:22:00,1101.58,1101.72,1101.42,1101.79,4630200.0,37016064.0,1.0,1101.8
2006-06-01 11:23:00,1102.02,1101.33,1101.33,1102.02,5996300.0,30126080.0,1.0,1101.72
2006-06-01 11:24:00,1101.46,1101.93,1101.46,1101.93,7659100.0,32376320.0,1.0,1101.33
2006-06-01 11:25:00,1102.03,1101.76,1101.44,1102.03,5628900.0,35820032.0,1.0,1101.93
2006-06-01 11:26:00,1101.62,1101.57,1101.34,1101.75,4249000.0,26915328.0,1.0,1101.76
2006-06-01 11:27:00,1101.41,1101.96,1101.29,1101.96,4994300.0,24487936.0,1.0,1101.57
2006-06-01 11:28:00,1102.05,1101.98,1101.69,1102.37,6565500.0,25844224.0,1.0,1101.96
2006-06-01 11:29:00,1102.2,1102.43,1102.01,1102.43,3673000.0,33150976.0,1.0,1101.98
2006-06-01 11:30:00,1102.46,1102.74,1102.31,1102.74,4057700.0,43740672.0,1.0,1102.43
2006-06-01 13:01:00,1103.71,1104.8,1103.71,1104.91,29700900.0,87865614493.0,1.0,1102.74
2006-06-01 13:02:00,1105.07,1105.5,1105.07,1105.75,8022800.0,172755456.0,1.0,1104.8
2006-06-01 13:03:00,1105.98,1105.91,1105.86,1106.29,7555700.0,46705152.0,1.0,1105.5
2006-06-01 13:04:00,1105.89,1106.73,1105.89,1106.73,11627400.0,50532864.0,1.0,1105.91
2006-06-01 13:05:00,1106.73,1107.01,1106.51,1107.01,7944200.0,78394880.0,1.0,1106.73
2006-06-01 13:06:00,1106.63,1107.0,1106.4,1107.13,7506100.0,46620672.0,1.0,1107.01
2006-06-01 13:07:00,1107.01,1106.98,1106.5,1107.01,8156900.0,43737088.0,1.0,1107.0
2006-06-01 13:08:00,1106.79,1106.13,1105.97,1106.79,7803900.0,55648768.0,1.0,1106.98
2006-06-01 13:09:00,1106.59,1106.23,1105.56,1106.59,6455700.0,53634048.0,1.0,1106.13
2006-06-01 13:10:00,1106.38,1106.13,1105.41,1106.44,8625700.0,46449152.0,1.0,1106.23
2006-06-01 13:11:00,1106.01,1105.76,1105.36,1106.06,6486700.0,50843136.0,1.0,1106.13
2006-06-01 13:12:00,1105.6,1104.99,1104.97,1105.99,8350100.0,40228864.0,1.0,1105.76
2006-06-01 13:13:00,1105.3,1104.84,1104.66,1105.41,4251600.0,55943680.0,1.0,1104.99
2006-06-01 13:14:00,1104.64,1104.6,1104.52,1105.04,6781800.0,26821120.0,1.0,1104.84
2006-06-01 13:15:00,1104.74,1104.07,1103.98,1104.74,6014900.0,39524352.0,1.0,1104.6
2006-06-01 13:16:00,1104.09,1103.53,1103.53,1104.26,8498600.0,34689024.0,1.0,1104.07
2006-06-01 13:17:00,1103.85,1103.8,1103.26,1103.85,3425900.0,40745984.0,1.0,1103.53
2006-06-01 13:18:00,1103.19,1103.15,1103.15,1103.74,5110700.0,21639168.0,1.0,1103.8
2006-06-01 13:19:00,1103.62,1103.81,1103.17,1103.81,6159800.0,32111616.0,1.0,1103.15
2006-06-01 13:20:00,1103.08,1103.5,1102.92,1103.7,5944500.0,38584832.0,1.0,1103.81
2006-06-01 13:21:00,1103.16,1103.03,1103.01,1103.4,5592700.0,41295360.0,1.0,1103.5
2006-06-01 13:22:00,1103.6,1103.16,1103.12,1103.6,5742400.0,35875840.0,1.0,1103.03
2006-06-01 13:23:00,1103.19,1103.23,1103.1,1103.62,4275900.0,38589952.0,1.0,1103.16
2006-06-01 13:24:00,1102.99,1103.59,1102.99,1103.59,6233000.0,28700672.0,1.0,1103.23
2006-06-01 13:25:00,1103.28,1103.22,1103.22,1103.47,5865300.0,35713024.0,1.0,1103.59
2006-06-01 13:26:00,1103.31,1102.8,1102.65,1103.43,10339500.0,41504768.0,1.0,1103.22
2006-06-01 13:27:00,1103.09,1102.21,1102.21,1103.09,7825200.0,77794304.0,1.0,1102.8
2006-06-01 13:28:00,1102.4,1102.33,1102.11,1102.53,6164500.0,36177920.0,1.0,1102.21
2006-06-01 13:29:00,1102.24,1101.7,1101.57,1102.24,7591000.0,34937344.0,1.0,1102.33
2006-06-01 13:30:00,1101.25,1100.91,1100.78,1101.46,8149200.0,43465216.0,1.0,1101.7
2006-06-01 13:31:00,1100.91,1100.37,1100.07,1100.91,6482300.0,54977536.0,1.0,1100.91
2006-06-01 13:32:00,1100.32,1099.51,1099.51,1100.32,5492500.0,38879744.0,1.0,1100.37
2006-06-01 13:33:00,1099.53,1099.44,1099.44,1099.98,6772000.0,36869120.0,1.0,1099.51
2006-06-01 13:34:00,1099.8,1099.79,1099.39,1100.02,5809600.0,41455616.0,1.0,1099.44
2006-06-01 13:35:00,1099.85,1100.09,1099.47,1100.09,3505800.0,33014272.0,1.0,1099.79
2006-06-01 13:36:00,1100.13,1099.98,1099.51,1100.29,4307900.0,23792640.0,1.0,1100.09
2006-06-01 13:37:00,1099.96,1100.64,1099.88,1100.69,5740300.0,27979776.0,1.0,1099.98
2006-06-01 13:38:00,1100.82,1101.42,1100.46,1101.42,5208100.0,38668288.0,1.0,1100.64
2006-06-01 13:39:00,1101.22,1101.75,1101.07,1101.75,5099800.0,54252544.0,1.0,1101.42
2006-06-01 13:40:00,1101.52,1102.29,1101.52,1102.29,5575000.0,36899840.0,1.0,1101.75
2006-06-01 13:41:00,1101.88,1101.65,1101.46,1102.39,6599800.0,50610688.0,1.0,1102.29
2006-06-01 13:42:00,1101.62,1102.57,1101.62,1102.57,5001900.0,59434496.0,1.0,1101.65
2006-06-01 13:43:00,1102.47,1102.79,1102.33,1102.79,5565700.0,33425920.0,1.0,1102.57
2006-06-01 13:44:00,1103.0,1103.38,1102.83,1103.38,7576200.0,39345664.0,1.0,1102.79
2006-06-01 13:45:00,1102.81,1102.99,1102.74,1103.42,5749200.0,40006144.0,1.0,1103.38
2006-06-01 13:46:00,1102.91,1102.65,1102.65,1103.23,6649500.0,43764224.0,1.0,1102.99
2006-06-01 13:47:00,1102.62,1102.43,1102.43,1103.08,5132900.0,49049088.0,1.0,1102.65
2006-06-01 13:48:00,1102.38,1102.52,1102.28,1103.02,3299400.0,45980672.0,1.0,1102.43
2006-06-01 13:49:00,1102.47,1102.5,1102.34,1102.89,4630300.0,27495424.0,1.0,1102.52
2006-06-01 13:50:00,1102.73,1102.54,1102.45,1103.04,4353900.0,42956800.0,1.0,1102.5
2006-06-01 13:51:00,1102.56,1102.38,1102.3,1102.92,5647400.0,35322880.0,1.0,1102.54
2006-06-01 13:52:00,1102.74,1102.29,1102.24,1102.74,7081700.0,42333184.0,1.0,1102.38
2006-06-01 13:53:00,1102.34,1102.17,1102.17,1102.69,4850500.0,64988672.0,1.0,1102.29
2006-06-01 13:54:00,1102.56,1102.64,1102.26,1102.72,5903700.0,39237120.0,1.0,1102.17
2006-06-01 13:55:00,1102.81,1103.52,1102.74,1103.52,6681300.0,38121984.0,1.0,1102.64
2006-06-01 13:56:00,1103.23,1103.48,1103.0,1103.65,6257100.0,30080000.0,1.0,1103.52
2006-06-01 13:57:00,1103.46,1103.68,1103.46,1103.8,6390900.0,34136576.0,1.0,1103.48
2006-06-01 13:58:00,1103.48,1103.77,1103.48,1103.8,6008700.0,40656384.0,1.0,1103.68
2006-06-01 13:59:00,1103.64,1104.06,1103.58,1104.11,6196300.0,32580608.0,1.0,1103.77
2006-06-01 14:00:00,1104.19,1104.04,1103.66,1104.3,7222200.0,34479104.0,1.0,1104.06
2006-06-01 14:01:00,1104.06,1104.07,1103.82,1104.3,4158000.0,40028672.0,1.0,1104.04
2006-06-01 14:02:00,1103.76,1103.28,1103.28,1103.93,6331600.0,50137088.0,1.0,1104.07
2006-06-01 14:03:00,1103.61,1103.28,1103.02,1103.64,6177100.0,50361344.0,1.0,1103.28
2006-06-01 14:04:00,1103.18,1102.95,1102.64,1103.18,3529400.0,32326656.0,1.0,1103.28
2006-06-01 14:05:00,1103.33,1102.89,1102.89,1103.33,3946200.0,24653824.0,1.0,1102.95
2006-06-01 14:06:00,1103.04,1102.98,1102.9,1103.33,4674700.0,24262656.0,1.0,1102.89
2006-06-01 14:07:00,1102.94,1102.82,1102.28,1102.94,4176600.0,27962880.0,1.0,1102.98
2006-06-01 14:08:00,1103.01,1102.46,1102.46,1103.06,4768100.0,31990272.0,1.0,1102.82
2006-06-01 14:09:00,1102.69,1102.61,1102.61,1103.16,3816300.0,33971200.0,1.0,1102.46
2006-06-01 14:10:00,1102.92,1102.77,1102.55,1103.26,4773200.0,25737728.0,1.0,1102.61
2006-06-01 14:11:00,1102.63,1102.31,1102.25,1103.1,4884600.0,31837696.0,1.0,1102.77
2006-06-01 14:12:00,1102.91,1102.05,1102.05,1102.91,6191100.0,30474240.0,1.0,1102.31
2006-06-01 14:13:00,1102.42,1102.19,1101.98,1102.84,7903100.0,36377600.0,1.0,1102.05
2006-06-01 14:14:00,1102.38,1102.17,1101.82,1102.48,5635200.0,61601280.0,1.0,1102.19
2006-06-01 14:15:00,1102.06,1101.8,1101.78,1102.36,4505100.0,31832064.0,1.0,1102.17
2006-06-01 14:16:00,1102.09,1102.48,1102.09,1102.81,4397800.0,25964032.0,1.0,1101.8
2006-06-01 14:17:00,1102.44,1102.68,1102.09,1102.68,5011200.0,25434112.0,1.0,1102.48
2006-06-01 14:18:00,1102.27,1102.14,1102.04,1102.65,4484600.0,33604096.0,1.0,1102.68
2006-06-01 14:19:00,1102.23,1102.22,1101.86,1102.6,5230100.0,35493376.0,1.0,1102.14
2006-06-01 14:20:00,1102.21,1102.2,1101.99,1102.5,4352600.0,30959616.0,1.0,1102.22
2006-06-01 14:21:00,1102.44,1101.95,1101.92,1102.44,5200200.0,26704384.0,1.0,1102.2
2006-06-01 14:22:00,1102.38,1102.52,1102.06,1102.63,4092500.0,28337664.0,1.0,1101.95
2006-06-01 14:23:00,1102.45,1102.73,1102.3,1102.94,4498900.0,30711808.0,1.0,1102.52
2006-06-01 14:24:00,1102.75,1102.8,1102.39,1102.85,6383300.0,27765760.0,1.0,1102.73
2006-06-01 14:25:00,1102.72,1103.14,1102.64,1103.29,5840700.0,33017856.0,1.0,1102.8
2006-06-01 14:26:00,1103.26,1103.53,1103.05,1103.67,5562500.0,33534464.0,1.0,1103.14
2006-06-01 14:27:00,1102.83,1103.77,1102.83,1103.81,8397200.0,34158080.0,1.0,1103.53
2006-06-01 14:28:00,1103.7,1103.99,1103.67,1104.03,6825800.0,44292608.0,1.0,1103.77
2006-06-01 14:29:00,1103.69,1104.27,1103.6,1104.27,10819500.0,45579776.0,1.0,1103.99
2006-06-01 14:30:00,1103.9,1104.44,1103.9,1104.93,11087000.0,58934272.0,1.0,1104.27
2006-06-01 14:31:00,1104.83,1105.13,1104.51,1105.13,7098400.0,60135936.0,1.0,1104.44
2006-06-01 14:32:00,1105.2,1105.49,1104.72,1105.66,7664400.0,36089856.0,1.0,1105.13
2006-06-01 14:33:00,1105.59,1105.47,1105.28,1105.75,7898600.0,45762560.0,1.0,1105.49
2006-06-01 14:34:00,1105.68,1106.09,1105.68,1106.23,8432400.0,40355840.0,1.0,1105.47
2006-06-01 14:35:00,1105.83,1106.01,1105.83,1106.22,10071400.0,40619008.0,1.0,1106.09
2006-06-01 14:36:00,1105.84,1105.9,1105.62,1106.18,8178100.0,44412928.0,1.0,1106.01
2006-06-01 14:37:00,1105.91,1106.06,1105.43,1106.09,5513000.0,46556160.0,1.0,1105.9
2006-06-01 14:38:00,1106.4,1105.78,1105.54,1106.4,6740100.0,34079744.0,1.0,1106.06
2006-06-01 14:39:00,1105.55,1105.51,1105.51,1106.0,5771300.0,38946816.0,1.0,1105.78
2006-06-01 14:40:00,1105.81,1106.01,1105.59,1106.15,6689000.0,27961344.0,1.0,1105.51
2006-06-01 14:41:00,1105.88,1105.8,1105.63,1106.14,7196000.0,43738112.0,1.0,1106.01
2006-06-01 14:42:00,1105.7,1105.85,1105.48,1105.94,6317700.0,44382208.0,1.0,1105.8
2006-06-01 14:43:00,1105.73,1105.36,1104.98,1105.92,7559600.0,29725696.0,1.0,1105.85
2006-06-01 14:44:00,1105.13,1105.0,1104.99,1105.54,7915500.0,39709696.0,1.0,1105.36
2006-06-01 14:45:00,1105.32,1105.17,1104.55,1105.32,6989200.0,38437888.0,1.0,1105.0
2006-06-01 14:46:00,1105.05,1104.79,1104.74,1105.19,5891900.0,32190464.0,1.0,1105.17
2006-06-01 14:47:00,1104.85,1104.42,1104.42,1104.93,10112100.0,32515072.0,1.0,1104.79
2006-06-01 14:48:00,1104.51,1104.26,1104.26,1104.65,7649200.0,54656000.0,1.0,1104.42
2006-06-01 14:49:00,1104.45,1104.34,1104.16,1104.64,8839400.0,40448000.0,1.0,1104.26
2006-06-01 14:50:00,1104.24,1104.16,1104.16,1104.72,7638600.0,49600512.0,1.0,1104.34
2006-06-01 14:51:00,1104.53,1104.89,1104.37,1104.89,9777600.0,40292352.0,1.0,1104.16
2006-06-01 14:52:00,1104.52,1104.77,1104.52,1104.93,9523200.0,50811904.0,1.0,1104.89
2006-06-01 14:53:00,1104.7,1104.62,1104.32,1104.97,10635800.0,48258048.0,1.0,1104.77
2006-06-01 14:54:00,1104.61,1104.96,1104.57,1104.96,8124100.0,61008896.0,1.0,1104.62
2006-06-01 14:55:00,1104.85,1104.47,1104.47,1104.86,10300900.0,42976256.0,1.0,1104.96
2006-06-01 14:56:00,1104.81,1105.08,1104.81,1105.19,11129700.0,54489088.0,1.0,1104.47
2006-06-01 14:57:00,1105.24,1105.33,1104.87,1105.33,9689400.0,61578240.0,1.0,1105.08
2006-06-01 14:58:00,1105.19,1105.99,1105.17,1105.99,13081600.0,50264064.0,1.0,1105.33
2006-06-01 14:59:00,1105.46,1105.66,1105.24,1105.84,11260700.0,75735040.0,1.0,1105.99
2006-06-01 15:00:00,1105.82,1106.23,1105.81,1106.36,11974600.0,137524224.0,1.0,1105.66
2006-06-02 09:31:00,1111.81,1112.02,1111.1,1112.02,29774600.0,507156353.0,1.0,1106.23
2006-06-02 09:32:00,1111.7,1110.45,1110.39,1112.06,10330900.0,175968160.0,1.0,1112.02
2006-06-02 09:33:00,1110.44,1109.1,1109.1,1110.98,10700200.0,67413248.0,1.0,1110.45
2006-06-02 09:34:00,1109.08,1108.41,1108.41,1109.55,13252000.0,63205504.0,1.0,1109.1
2006-06-02 09:35:00,1108.71,1106.81,1106.49,1108.71,11421800.0,71742464.0,1.0,1108.41
2006-06-02 09:36:00,1106.59,1105.44,1105.44,1106.59,10116000.0,70194304.0,1.0,1106.81
2006-06-02 09:37:00,1105.41,1104.69,1104.19,1105.41,9777000.0,61724512.0,1.0,1105.44
2006-06-02 09:38:00,1104.12,1104.25,1104.12,1104.49,8670300.0,59343360.0,1.0,1104.69
2006-06-02 09:39:00,1104.34,1104.54,1104.34,1104.95,9070900.0,51044224.0,1.0,1104.25
2006-06-02 09:40:00,1105.07,1105.91,1104.97,1105.91,8260000.0,54611392.0,1.0,1104.54
2006-06-02 09:41:00,1105.76,1106.52,1105.76,1106.69,7389100.0,55405760.0,1.0,1105.91
2006-06-02 09:42:00,1106.58,1107.57,1106.33,1107.57,8194600.0,51823488.0,1.0,1106.52
2006-06-02 09:43:00,1107.74,1108.27,1107.17,1108.27,8984400.0,57977024.0,1.0,1107.57
2006-06-02 09:44:00,1108.51,1109.24,1108.18,1109.31,9963600.0,70523584.0,1.0,1108.27
2006-06-02 09:45:00,1109.55,1110.31,1109.48,1110.31,9567100.0,63157312.0,1.0,1109.24
2006-06-02 09:46:00,1110.55,1112.05,1110.55,1112.05,11907100.0,75975232.0,1.0,1110.31
2006-06-02 09:47:00,1111.62,1112.74,1111.62,1113.12,10441200.0,67010688.0,1.0,1112.05
2006-06-02 09:48:00,1113.31,1112.77,1112.72,1113.4,11979200.0,71711616.0,1.0,1112.74
2006-06-02 09:49:00,1113.3,1112.94,1112.44,1113.43,10545500.0,78195200.0,1.0,1112.77
2006-06-02 09:50:00,1112.8,1112.3,1112.3,1112.93,10976600.0,62822656.0,1.0,1112.94
2006-06-02 09:51:00,1112.2,1111.63,1111.57,1112.35,11364900.0,86531584.0,1.0,1112.3
2006-06-02 09:52:00,1111.79,1111.49,1111.41,1111.9,10455800.0,57007360.0,1.0,1111.63
2006-06-02 09:53:00,1110.92,1110.45,1110.45,1111.06,9136700.0,65556736.0,1.0,1111.49
2006-06-02 09:54:00,1110.15,1109.81,1109.53,1110.18,8929600.0,55547136.0,1.0,1110.45
2006-06-02 09:55:00,1109.51,1109.56,1108.84,1109.56,8823600.0,54920448.0,1.0,1109.81
2006-06-02 09:56:00,1109.48,1109.1,1109.04,1109.54,7893100.0,55743232.0,1.0,1109.56
2006-06-02 09:57:00,1109.16,1109.07,1108.6,1109.33,8478400.0,47703552.0,1.0,1109.1
2006-06-02 09:58:00,1109.41,1108.53,1108.53,1109.41,10387000.0,52400512.0,1.0,1109.07
2006-06-02 09:59:00,1108.89,1108.48,1108.11,1109.06,8954300.0,65119872.0,1.0,1108.53
2006-06-02 10:00:00,1108.72,1108.1,1108.1,1108.72,10129100.0,62343936.0,1.0,1108.48
2006-06-02 10:01:00,1108.31,1108.28,1107.57,1108.31,7327300.0,62301312.0,1.0,1108.1
2006-06-02 10:02:00,1107.88,1106.9,1106.9,1108.04,9769600.0,52637184.0,1.0,1108.28
2006-06-02 10:03:00,1107.48,1106.65,1106.53,1107.48,10607700.0,53628672.0,1.0,1106.9
2006-06-02 10:04:00,1106.29,1106.03,1106.03,1106.64,8627700.0,61530624.0,1.0,1106.65
2006-06-02 10:05:00,1106.34,1104.63,1104.63,1106.34,11034800.0,65216256.0,1.0,1106.03
2006-06-02 10:06:00,1104.98,1104.2,1104.17,1104.98,8739600.0,67593728.0,1.0,1104.63
2006-06-02 10:07:00,1104.15,1103.5,1103.41,1104.16,8604700.0,55394048.0,1.0,1104.2
2006-06-02 10:08:00,1103.91,1103.93,1103.39,1103.93,7909200.0,54747904.0,1.0,1103.5
2006-06-02 10:09:00,1103.17,1103.88,1103.17,1103.88,8419000.0,43588608.0,1.0,1103.93
2006-06-02 10:10:00,1103.35,1103.88,1103.35,1103.88,8958600.0,57944320.0,1.0,1103.88
2006-06-02 10:11:00,1103.67,1103.56,1103.54,1103.71,8906400.0,55434240.0,1.0,1103.88
2006-06-02 10:12:00,1103.52,1103.51,1103.51,1103.52,8917600.0,59319040.0,1.0,1103.56
2006-06-02 10:13:00,1103.95,1104.66,1103.95,1104.66,7435900.0,49272576.0,1.0,1103.51
2006-06-02 10:14:00,1104.08,1105.23,1104.08,1105.33,6383900.0,46007552.0,1.0,1104.66
2006-06-02 10:15:00,1105.63,1105.48,1105.48,1105.71,8969900.0,40857344.0,1.0,1105.23
2006-06-02 10:16:00,1105.62,1105.62,1105.62,1105.62,0.0,0.0,1.0,1105.48
2006-06-02 10:17:00,1105.62,1105.62,1105.62,1105.62,0.0,0.0,1.0,1105.62
2006-06-02 10:18:00,1105.62,1105.62,1105.62,1105.62,0.0,0.0,1.0,1105.62
2006-06-02 10:19:00,1105.62,1105.62,1105.62,1105.62,0.0,0.0,1.0,1105.62
2006-06-02 10:20:00,1105.62,1105.62,1105.62,1105.62,0.0,0.0,1.0,1105.62
2006-06-02 10:21:00,1105.62,1105.62,1105.62,1105.62,0.0,0.0,1.0,1105.62
2006-06-02 10:22:00,1105.62,1105.62,1105.62,1105.62,0.0,0.0,1.0,1105.62
2006-06-02 10:23:00,1105.62,1105.62,1105.62,1105.62,0.0,0.0,1.0,1105.62
2006-06-02 10:24:00,1105.62,1105.62,1105.62,1105.62,0.0,0.0,1.0,1105.62
2006-06-02 10:25:00,1105.62,1105.62,1105.62,1105.62,0.0,0.0,1.0,1105.62
2006-06-02 10:26:00,1105.62,1105.62,1105.62,1105.62,0.0,0.0,1.0,1105.62
2006-06-02 10:27:00,1105.62,1105.62,1105.62,1105.62,0.0,0.0,1.0,1105.62
2006-06-02 10:28:00,1105.62,1105.62,1105.62,1105.62,0.0,0.0,1.0,1105.62
2006-06-02 10:29:00,1105.62,1105.62,1105.62,1105.62,0.0,0.0,1.0,1105.62
2006-06-02 10:30:00,1105.62,1105.62,1105.62,1105.62,0.0,0.0,1.0,1105.62
2006-06-02 10:31:00,1105.62,1105.62,1105.62,1105.62,0.0,0.0,1.0,1105.62
2006-06-02 10:32:00,1105.62,1105.62,1105.62,1105.62,0.0,0.0,1.0,1105.62
2006-06-02 10:33:00,1105.62,1105.62,1105.62,1105.62,0.0,0.0,1.0,1105.62
2006-06-02 10:34:00,1105.62,1105.62,1105.62,1105.62,0.0,0.0,1.0,1105.62
2006-06-02 10:35:00,1101.69,1101.21,1101.21,1101.69,137444900.0,0.0,1.0,1105.62
2006-06-02 10:36:00,1101.23,1101.35,1101.17,1101.53,5756100.0,850430720.0,1.0,1101.21
2006-06-02 10:37:00,1101.45,1101.33,1101.14,1101.45,4715700.0,32792832.0,1.0,1101.35
2006-06-02 10:38:00,1101.21,1100.8,1100.8,1101.35,6019900.0,28458240.0,1.0,1101.33
2006-06-02 10:39:00,1100.59,1100.51,1100.51,1100.62,4327200.0,36000512.0,1.0,1100.8
2006-06-02 10:40:00,1099.96,1099.39,1099.33,1100.12,6549500.0,28747520.0,1.0,1100.51
2006-06-02 10:41:00,1098.99,1098.41,1098.41,1099.08,6778800.0,59442432.0,1.0,1099.39
2006-06-02 10:42:00,1098.28,1096.53,1096.53,1098.28,11533500.0,56251136.0,1.0,1098.41
2006-06-02 10:43:00,1096.31,1094.43,1094.43,1096.31,8191900.0,52291072.0,1.0,1096.53
2006-06-02 10:44:00,1094.26,1093.24,1093.24,1094.26,12164700.0,52298496.0,1.0,1094.43
2006-06-02 10:45:00,1092.56,1092.49,1092.49,1092.56,11159400.0,78268672.0,1.0,1093.24
2006-06-02 10:46:00,1092.3,1091.13,1091.13,1092.3,12525000.0,65137152.0,1.0,1092.49
2006-06-02 10:47:00,1091.09,1091.23,1090.87,1091.23,12778200.0,63888640.0,1.0,1091.13
2006-06-02 10:48:00,1091.03,1091.29,1091.03,1091.29,9303500.0,69557504.0,1.0,1091.23
2006-06-02 10:49:00,1091.69,1092.14,1091.69,1092.14,9527300.0,55958528.0,1.0,1091.29
2006-06-02 10:50:00,1092.91,1093.93,1092.91,1093.93,10120400.0,56724480.0,1.0,1092.14
2006-06-02 10:51:00,1094.45,1095.02,1094.45,1095.02,6020700.0,63335936.0,1.0,1093.93
2006-06-02 10:52:00,1095.42,1096.79,1095.42,1096.79,9542400.0,37285888.0,1.0,1095.02
2006-06-02 10:53:00,1097.69,1098.08,1097.16,1098.08,7179000.0,55780864.0,1.0,1096.79
2006-06-02 10:54:00,1098.16,1098.7,1098.16,1098.7,4796700.0,52663296.0,1.0,1098.08
2006-06-02 10:55:00,1098.72,1098.09,1098.09,1098.72,4325800.0,38700032.0,1.0,1098.7
2006-06-02 10:56:00,1098.2,1097.66,1097.66,1098.31,7731600.0,37638144.0,1.0,1098.09
2006-06-02 10:57:00,1097.84,1097.34,1097.34,1097.84,5650100.0,35028480.0,1.0,1097.66
2006-06-02 10:58:00,1097.19,1096.9,1096.9,1097.19,8432300.0,35521536.0,1.0,1097.34
2006-06-02 10:59:00,1096.9,1096.74,1096.74,1096.93,4303000.0,43333120.0,1.0,1096.9
2006-06-02 11:00:00,1096.54,1096.27,1096.26,1096.54,7154100.0,27878912.0,1.0,1096.74
2006-06-02 11:01:00,1095.75,1095.55,1095.55,1095.94,6727700.0,43217920.0,1.0,1096.27
2006-06-02 11:02:00,1095.89,1096.17,1095.62,1096.17,5026600.0,39285760.0,1.0,1095.55
2006-06-02 11:03:00,1096.21,1096.49,1095.85,1096.49,5905500.0,30753280.0,1.0,1096.17
2006-06-02 11:04:00,1096.13,1096.12,1096.08,1096.13,8597400.0,33517056.0,1.0,1096.49
2006-06-02 11:05:00,1096.1,1096.63,1096.1,1096.63,4747000.0,51376128.0,1.0,1096.12
2006-06-02 11:06:00,1097.08,1097.86,1097.08,1097.86,5180300.0,28277760.0,1.0,1096.63
2006-06-02 11:07:00,1097.82,1098.62,1097.73,1098.62,3947900.0,31217664.0,1.0,1097.86
2006-06-02 11:08:00,1099.07,1099.57,1098.73,1099.7,7558700.0,22982656.0,1.0,1098.62
2006-06-02 11:09:00,1099.56,1100.08,1099.56,1100.17,5800600.0,41594368.0,1.0,1099.57
2006-06-02 11:10:00,1099.79,1100.16,1099.79,1100.16,5475800.0,33887744.0,1.0,1100.08
2006-06-02 11:11:00,1100.34,1100.5,1100.01,1100.5,9763100.0,30973440.0,1.0,1100.16
2006-06-02 11:12:00,1100.63,1100.66,1100.58,1100.97,3775800.0,55034880.0,1.0,1100.5
2006-06-02 11:13:00,1100.66,1101.14,1100.66,1101.14,8458200.0,20294656.0,1.0,1100.66
2006-06-02 11:14:00,1101.11,1101.91,1101.11,1102.06,7616200.0,50194944.0,1.0,1101.14
2006-06-02 11:15:00,1101.95,1102.23,1101.63,1102.23,4234500.0,45906432.0,1.0,1101.91
2006-06-02 11:16:00,1102.36,1102.65,1102.36,1102.77,7510700.0,25444864.0,1.0,1102.23
2006-06-02 11:17:00,1102.97,1102.83,1102.83,1102.97,2744900.0,42787328.0,1.0,1102.65
2006-06-02 11:18:00,1102.96,1103.2,1102.96,1103.33,7676100.0,15993856.0,1.0,1102.83
2006-06-02 11:19:00,1103.49,1102.8,1102.8,1103.49,6015300.0,44292096.0,1.0,1103.2
2006-06-02 11:20:00,1103.28,1102.76,1102.76,1103.33,8524700.0,34952192.0,1.0,1102.8
2006-06-02 11:21:00,1103.06,1102.83,1102.47,1103.34,5585300.0,44820480.0,1.0,1102.76
2006-06-02 11:22:00,1102.02,1102.59,1102.02,1102.72,8062000.0,31098880.0,1.0,1102.83
2006-06-02 11:23:00,1102.65,1102.44,1102.44,1102.65,5171300.0,42637824.0,1.0,1102.59
2006-06-02 11:24:00,1102.06,1101.93,1101.83,1102.06,6518600.0,27873280.0,1.0,1102.44
2006-06-02 11:25:00,1101.64,1101.27,1101.27,1101.64,6530100.0,36749824.0,1.0,1101.93
2006-06-02 11:26:00,1100.94,1100.84,1100.56,1101.09,5165500.0,36937728.0,1.0,1101.27
2006-06-02 11:27:00,1100.78,1100.51,1100.36,1100.87,5436500.0,33970176.0,1.0,1100.84
2006-06-02 11:28:00,1100.14,1099.62,1099.62,1100.14,7275500.0,33944576.0,1.0,1100.51
2006-06-02 11:29:00,1099.98,1100.08,1099.75,1100.08,5008700.0,43354624.0,1.0,1099.62
2006-06-02 11:30:00,1100.09,1099.77,1099.53,1100.09,5762700.0,76668928.0,1.0,1100.08
2006-06-02 13:01:00,1099.78,1099.68,1099.67,1099.96,30413400.0,1635185228.0,1.0,1099.77
2006-06-02 13:02:00,1099.88,1099.5,1099.5,1099.88,6048500.0,174927360.0,1.0,1099.68
2006-06-02 13:03:00,1099.7,1099.52,1099.52,1099.83,5213500.0,39430656.0,1.0,1099.5
2006-06-02 13:04:00,1099.59,1099.42,1099.38,1100.05,5462400.0,29914112.0,1.0,1099.52
2006-06-02 13:05:00,1099.72,1098.97,1098.97,1099.88,6876700.0,37396992.0,1.0,1099.42
2006-06-02 13:06:00,1099.37,1098.57,1098.57,1099.37,6291800.0,38216704.0,1.0,1098.97
2006-06-02 13:07:00,1098.66,1098.36,1098.36,1098.87,5995600.0,39270912.0,1.0,1098.57
2006-06-02 13:08:00,1098.43,1097.96,1097.82,1098.69,5880100.0,35158016.0,1.0,1098.36
2006-06-02 13:09:00,1098.13,1097.06,1097.0,1098.13,9018100.0,37483520.0,1.0,1097.96
2006-06-02 13:10:00,1096.96,1096.44,1096.44,1097.05,8674700.0,50371584.0,1.0,1097.06
2006-06-02 13:11:00,1096.66,1096.06,1095.99,1096.66,6804600.0,52262400.0,1.0,1096.44
2006-06-02 13:12:00,1096.44,1095.91,1095.67,1096.44,7406600.0,43958784.0,1.0,1096.06
2006-06-02 13:13:00,1095.96,1095.43,1095.39,1095.96,7438200.0,43371520.0,1.0,1095.91
2006-06-02 13:14:00,1095.6,1095.54,1095.54,1095.69,5459100.0,52868608.0,1.0,1095.43
2006-06-02 13:15:00,1095.62,1095.76,1095.38,1095.76,7961100.0,33448448.0,1.0,1095.54
2006-06-02 13:16:00,1095.72,1096.08,1095.72,1096.23,6728900.0,32633856.0,1.0,1095.76
2006-06-02 13:17:00,1096.18,1096.92,1096.18,1096.92,4146200.0,43457024.0,1.0,1096.08
2006-06-02 13:18:00,1096.46,1097.73,1096.46,1097.73,7620700.0,37235712.0,1.0,1096.92
2006-06-02 13:19:00,1097.49,1098.27,1097.49,1098.27,3926000.0,29088256.0,1.0,1097.73
2006-06-02 13:20:00,1098.18,1099.02,1098.18,1099.02,7913600.0,22579200.0,1.0,1098.27
2006-06-02 13:21:00,1098.87,1099.99,1098.87,1099.99,6644700.0,43656192.0,1.0,1099.02
2006-06-02 13:22:00,1099.76,1100.2,1099.76,1100.2,8973400.0,34821632.0,1.0,1099.99
2006-06-02 13:23:00,1100.02,1100.25,1100.02,1100.86,7782500.0,51352576.0,1.0,1100.2
2006-06-02 13:24:00,1100.63,1100.83,1100.55,1100.95,8852800.0,42210816.0,1.0,1100.25
2006-06-02 13:25:00,1100.82,1100.25,1100.25,1100.82,6745100.0,48545792.0,1.0,1100.83
2006-06-02 13:26:00,1100.4,1100.25,1099.89,1100.4,8552700.0,36951552.0,1.0,1100.25
2006-06-02 13:27:00,1099.9,1099.98,1099.71,1100.26,8316300.0,46818304.0,1.0,1100.25
2006-06-02 13:28:00,1099.75,1099.03,1099.03,1099.75,9367800.0,47946752.0,1.0,1099.98
2006-06-02 13:29:00,1098.97,1098.66,1098.66,1099.32,5356100.0,60609536.0,1.0,1099.03
2006-06-02 13:30:00,1099.03,1099.16,1098.9,1099.16,6055600.0,31516160.0,1.0,1098.66
2006-06-02 13:31:00,1099.17,1098.77,1098.77,1099.21,7669600.0,36065792.0,1.0,1099.16
2006-06-02 13:32:00,1099.04,1099.14,1098.81,1099.19,6773800.0,47066112.0,1.0,1098.77
2006-06-02 13:33:00,1099.17,1099.29,1099.03,1099.29,7690000.0,39792640.0,1.0,1099.14
2006-06-02 13:34:00,1099.95,1100.1,1099.32,1100.1,6352000.0,46799360.0,1.0,1099.29
2006-06-02 13:35:00,1099.72,1099.95,1099.71,1100.29,8384300.0,36064256.0,1.0,1100.1
2006-06-02 13:36:00,1100.61,1100.59,1100.35,1100.61,6999300.0,48523264.0,1.0,1099.95
2006-06-02 13:37:00,1101.0,1101.28,1101.0,1101.62,8084400.0,36669440.0,1.0,1100.59
2006-06-02 13:38:00,1101.65,1102.73,1101.65,1102.73,9252100.0,47659520.0,1.0,1101.28
2006-06-02 13:39:00,1102.63,1103.56,1102.63,1103.56,9843400.0,50854400.0,1.0,1102.73
2006-06-02 13:40:00,1103.85,1104.49,1103.83,1104.68,9174100.0,51490816.0,1.0,1103.56
2006-06-02 13:41:00,1104.64,1105.25,1104.64,1105.25,8043400.0,54370816.0,1.0,1104.49
2006-06-02 13:42:00,1105.8,1105.81,1105.37,1105.81,9756500.0,51554816.0,1.0,1105.25
2006-06-02 13:43:00,1105.92,1106.12,1105.86,1106.12,10299300.0,57271808.0,1.0,1105.81
2006-06-02 13:44:00,1106.32,1106.94,1106.32,1106.94,10446100.0,54904320.0,1.0,1106.12
2006-06-02 13:45:00,1106.94,1107.49,1106.94,1107.49,8533800.0,52792832.0,1.0,1106.94
2006-06-02 13:46:00,1107.62,1107.81,1107.39,1108.06,9175600.0,41226752.0,1.0,1107.49
2006-06-02 13:47:00,1108.11,1107.87,1107.72,1108.11,7225100.0,54267392.0,1.0,1107.81
2006-06-02 13:48:00,1108.17,1108.2,1108.17,1108.3,5812900.0,42074624.0,1.0,1107.87
2006-06-02 13:49:00,1108.14,1107.85,1107.16,1108.14,9515700.0,34176512.0,1.0,1108.2
2006-06-02 13:50:00,1107.44,1107.21,1107.21,1107.88,5288400.0,54922752.0,1.0,1107.85
2006-06-02 13:51:00,1107.13,1106.78,1106.78,1107.39,4647700.0,32524800.0,1.0,1107.21
2006-06-02 13:52:00,1106.55,1106.43,1106.43,1106.83,6290000.0,29358080.0,1.0,1106.78
2006-06-02 13:53:00,1106.62,1106.09,1105.57,1106.62,4188100.0,37419008.0,1.0,1106.43
2006-06-02 13:54:00,1105.85,1105.09,1105.09,1105.88,4200500.0,23421440.0,1.0,1106.09
2006-06-02 13:55:00,1105.4,1104.92,1104.92,1105.4,6179400.0,29234176.0,1.0,1105.09
2006-06-02 13:56:00,1104.87,1104.67,1104.42,1104.87,6749500.0,37400064.0,1.0,1104.92
2006-06-02 13:57:00,1104.46,1104.68,1104.42,1104.68,5238900.0,42593280.0,1.0,1104.67
2006-06-02 13:58:00,1104.96,1104.93,1104.53,1104.96,4331200.0,33198592.0,1.0,1104.68
2006-06-02 13:59:00,1104.84,1104.95,1104.84,1105.23,5339400.0,25418752.0,1.0,1104.93
2006-06-02 14:00:00,1104.97,1104.75,1104.75,1105.51,5969200.0,34506240.0,1.0,1104.95
2006-06-02 14:01:00,1105.27,1104.92,1104.92,1105.61,5057000.0,35470336.0,1.0,1104.75
2006-06-02 14:02:00,1105.05,1105.03,1104.44,1105.33,7579100.0,29680640.0,1.0,1104.92
2006-06-02 14:03:00,1104.91,1104.13,1104.11,1104.93,8012500.0,42832896.0,1.0,1105.03
2006-06-02 14:04:00,1104.28,1103.02,1102.7,1104.28,9340800.0,43617280.0,1.0,1104.13
2006-06-02 14:05:00,1102.64,1101.19,1101.19,1102.87,10414500.0,43537408.0,1.0,1103.02
2006-06-02 14:06:00,1101.29,1099.96,1099.96,1101.29,10148700.0,54793216.0,1.0,1101.19
2006-06-02 14:07:00,1099.77,1098.52,1098.52,1099.77,9665500.0,50999296.0,1.0,1099.96
2006-06-02 14:08:00,1098.16,1096.99,1096.99,1098.32,10453300.0,55648256.0,1.0,1098.52
2006-06-02 14:09:00,1097.31,1096.33,1096.33,1097.31,10953700.0,60590080.0,1.0,1096.99
2006-06-02 14:10:00,1096.38,1096.7,1095.97,1096.85,12314900.0,68523008.0,1.0,1096.33
2006-06-02 14:11:00,1096.73,1097.14,1096.29,1097.14,6173300.0,63732736.0,1.0,1096.7
2006-06-02 14:12:00,1097.19,1097.45,1096.7,1097.62,6041600.0,42655744.0,1.0,1097.14
2006-06-02 14:13:00,1097.68,1098.2,1097.68,1098.49,8595900.0,40682496.0,1.0,1097.45
2006-06-02 14:14:00,1098.2,1098.56,1098.2,1098.84,7822600.0,54718464.0,1.0,1098.2
2006-06-02 14:15:00,1098.87,1099.41,1098.87,1099.41,5059800.0,47045632.0,1.0,1098.56
2006-06-02 14:16:00,1099.41,1099.47,1099.15,1099.79,4782700.0,32557056.0,1.0,1099.41
2006-06-02 14:17:00,1100.02,1099.77,1099.35,1100.02,5860300.0,30278656.0,1.0,1099.47
2006-06-02 14:18:00,1099.76,1100.62,1099.58,1101.2,7111300.0,40641536.0,1.0,1099.77
2006-06-02 14:19:00,1100.7,1100.76,1100.56,1101.03,4519000.0,60084224.0,1.0,1100.62
2006-06-02 14:20:00,1100.46,1100.23,1099.56,1100.69,5459100.0,30711808.0,1.0,1100.76
2006-06-02 14:21:00,1100.17,1099.37,1099.19,1100.17,5170000.0,32677888.0,1.0,1100.23
2006-06-02 14:22:00,1099.21,1099.12,1099.12,1099.42,3215500.0,30222336.0,1.0,1099.37
2006-06-02 14:23:00,1098.83,1098.26,1098.02,1098.83,4813400.0,20790272.0,1.0,1099.12
2006-06-02 14:24:00,1098.79,1097.98,1097.93,1098.79,5352200.0,29409280.0,1.0,1098.26
2006-06-02 14:25:00,1097.69,1097.74,1097.69,1098.35,3838800.0,32605184.0,1.0,1097.98
2006-06-02 14:26:00,1097.76,1097.44,1097.44,1098.14,6028700.0,28917760.0,1.0,1097.74
2006-06-02 14:27:00,1097.73,1098.42,1097.62,1098.42,5002800.0,39252992.0,1.0,1097.44
2006-06-02 14:28:00,1097.96,1098.3,1097.96,1098.38,5306200.0,32440320.0,1.0,1098.42
2006-06-02 14:29:00,1098.28,1098.66,1098.16,1098.66,4346100.0,31454208.0,1.0,1098.3
2006-06-02 14:30:00,1097.8,1098.08,1097.8,1098.4,5184200.0,27986944.0,1.0,1098.66
2006-06-02 14:31:00,1098.14,1098.18,1098.14,1098.59,8823500.0,32695296.0,1.0,1098.08
2006-06-02 14:32:00,1098.09,1097.68,1097.68,1098.34,7423900.0,39102464.0,1.0,1098.18
2006-06-02 14:33:00,1097.85,1097.56,1097.56,1098.11,5777700.0,43020288.0,1.0,1097.68
2006-06-02 14:34:00,1097.65,1096.95,1096.95,1097.72,5607900.0,30702592.0,1.0,1097.56
2006-06-02 14:35:00,1096.48,1095.74,1095.59,1096.57,11124100.0,33547264.0,1.0,1096.95
2006-06-02 14:36:00,1095.05,1094.06,1094.06,1095.05,9681400.0,70666240.0,1.0,1095.74
2006-06-02 14:37:00,1093.88,1092.66,1092.66,1093.88,12136500.0,68775936.0,1.0,1094.06
2006-06-02 14:38:00,1092.74,1091.75,1091.75,1092.74,8168400.0,65451008.0,1.0,1092.66
2006-06-02 14:39:00,1091.98,1091.33,1091.33,1092.21,9627600.0,53562368.0,1.0,1091.75
2006-06-02 14:40:00,1092.12,1091.41,1091.41,1092.12,11479600.0,60185600.0,1.0,1091.33
2006-06-02 14:41:00,1091.33,1091.77,1091.2,1091.77,10784400.0,66724864.0,1.0,1091.41
2006-06-02 14:42:00,1091.51,1092.42,1091.51,1092.49,11386000.0,70454272.0,1.0,1091.77
2006-06-02 14:43:00,1092.39,1092.83,1092.35,1092.83,9763400.0,71076864.0,1.0,1092.42
2006-06-02 14:44:00,1093.0,1093.12,1092.88,1093.68,10059800.0,60814336.0,1.0,1092.83
2006-06-02 14:45:00,1093.79,1094.1,1093.41,1094.14,7782200.0,63315968.0,1.0,1093.12
2006-06-02 14:46:00,1094.11,1094.36,1093.98,1094.6,6481400.0,49018880.0,1.0,1094.1
2006-06-02 14:47:00,1094.65,1095.27,1094.56,1095.27,8207600.0,40929280.0,1.0,1094.36
2006-06-02 14:48:00,1095.06,1095.35,1095.06,1095.43,6498400.0,49939456.0,1.0,1095.27
2006-06-02 14:49:00,1095.49,1095.22,1095.22,1096.13,5781400.0,41781248.0,1.0,1095.35
2006-06-02 14:50:00,1095.71,1095.97,1095.63,1095.98,6451200.0,38804480.0,1.0,1095.22
2006-06-02 14:51:00,1095.63,1095.92,1095.38,1095.99,6632200.0,39446528.0,1.0,1095.97
2006-06-02 14:52:00,1095.92,1096.09,1095.57,1096.09,8153600.0,40712192.0,1.0,1095.92
2006-06-02 14:53:00,1095.99,1095.91,1095.7,1096.4,6959000.0,49475584.0,1.0,1096.09
2006-06-02 14:54:00,1095.79,1095.74,1095.44,1096.25,9231800.0,38538240.0,1.0,1095.91
2006-06-02 14:55:00,1096.12,1095.93,1095.4,1096.12,9481200.0,52567040.0,1.0,1095.74
2006-06-02 14:56:00,1095.58,1095.7,1095.11,1095.85,10073400.0,55236608.0,1.0,1095.93
2006-06-02 14:57:00,1095.76,1095.61,1095.3,1095.98,13213000.0,59679744.0,1.0,1095.7
2006-06-02 14:58:00,1095.88,1095.67,1095.67,1096.2,9989200.0,76320768.0,1.0,1095.61
2006-06-02 14:59:00,1095.67,1096.24,1095.67,1096.51,11134400.0,59796480.0,1.0,1095.67
2006-06-02 15:00:00,1096.36,1097.51,1096.36,1097.8,9725200.0,143384576.0,1.0,1096.24
2006-06-05 09:31:00,1097.53,1097.53,1097.53,1097.53,0.0,0.0,1.0,1097.51
2006-06-05 09:32:00,1097.53,1097.53,1097.53,1097.53,0.0,0.0,1.0,1097.53
2006-06-05 09:33:00,1097.53,1097.53,1097.53,1097.53,0.0,0.0,1.0,1097.53
2006-06-05 09:34:00,1097.53,1097.53,1097.53,1097.53,0.0,0.0,1.0,1097.53
2006-06-05 09:35:00,1097.53,1097.53,1097.53,1097.53,0.0,0.0,1.0,1097.53
2006-06-05 09:36:00,1097.53,1097.53,1097.53,1097.53,0.0,0.0,1.0,1097.53
2006-06-05 09:37:00,1097.53,1097.53,1097.53,1097.53,0.0,0.0,1.0,1097.53
2006-06-05 09:38:00,1097.53,1097.53,1097.53,1097.53,0.0,0.0,1.0,1097.53
2006-06-05 09:39:00,1097.53,1097.53,1097.53,1097.53,0.0,0.0,1.0,1097.53
2006-06-05 09:40:00,1097.53,1097.53,1097.53,1097.53,0.0,0.0,1.0,1097.53
2006-06-05 09:41:00,1097.53,1097.53,1097.53,1097.53,0.0,0.0,1.0,1097.53
2006-06-05 09:42:00,1097.53,1097.53,1097.53,1097.53,0.0,0.0,1.0,1097.53
2006-06-05 09:43:00,1097.53,1097.53,1097.53,1097.53,0.0,0.0,1.0,1097.53
2006-06-05 09:44:00,1097.53,1097.53,1097.53,1097.53,0.0,0.0,1.0,1097.53
2006-06-05 09:45:00,1097.53,1097.53,1097.53,1097.53,0.0,0.0,1.0,1097.53
2006-06-05 09:46:00,1097.53,1097.53,1097.53,1097.53,0.0,0.0,1.0,1097.53
2006-06-05 09:47:00,1097.53,1097.53,1097.53,1097.53,0.0,0.0,1.0,1097.53
2006-06-05 09:48:00,1097.53,1097.53,1097.53,1097.53,0.0,0.0,1.0,1097.53
2006-06-05 09:49:00,1097.53,1097.53,1097.53,1097.53,0.0,0.0,1.0,1097.53
2006-06-05 09:50:00,1097.53,1097.53,1097.53,1097.53,0.0,0.0,1.0,1097.53
2006-06-05 09:51:00,1097.53,1097.53,1097.53,1097.53,0.0,0.0,1.0,1097.53
2006-06-05 09:52:00,1097.53,1097.53,1097.53,1097.53,0.0,0.0,1.0,1097.53
2006-06-05 09:53:00,1097.53,1097.53,1097.53,1097.53,0.0,0.0,1.0,1097.53
2006-06-05 09:54:00,1097.53,1097.53,1097.53,1097.53,0.0,0.0,1.0,1097.53
2006-06-05 09:55:00,1097.53,1097.53,1097.53,1097.53,0.0,0.0,1.0,1097.53
2006-06-05 09:56:00,1097.53,1097.53,1097.53,1097.53,0.0,0.0,1.0,1097.53
2006-06-05 09:57:00,1097.53,1097.53,1097.53,1097.53,0.0,0.0,1.0,1097.53
2006-06-05 09:58:00,1097.53,1097.53,1097.53,1097.53,0.0,0.0,1.0,1097.53
2006-06-05 09:59:00,1097.53,1097.53,1097.53,1097.53,0.0,0.0,1.0,1097.53
2006-06-05 10:00:00,1097.53,1097.53,1097.53,1097.53,0.0,0.0,1.0,1097.53
2006-06-05 10:01:00,1097.53,1097.53,1097.53,1097.53,0.0,0.0,1.0,1097.53
2006-06-05 10:02:00,1097.53,1097.53,1097.53,1097.53,0.0,0.0,1.0,1097.53
2006-06-05 10:03:00,1097.53,1097.53,1097.53,1097.53,0.0,0.0,1.0,1097.53
2006-06-05 10:04:00,1097.53,1097.53,1097.53,1097.53,0.0,0.0,1.0,1097.53
2006-06-05 10:05:00,1097.53,1097.53,1097.53,1097.53,0.0,0.0,1.0,1097.53
2006-06-05 10:06:00,1097.53,1097.53,1097.53,1097.53,0.0,0.0,1.0,1097.53
2006-06-05 10:07:00,1097.53,1097.53,1097.53,1097.53,0.0,0.0,1.0,1097.53
2006-06-05 10:08:00,1097.53,1097.53,1097.53,1097.53,0.0,0.0,1.0,1097.53
2006-06-05 10:09:00,1097.53,1097.53,1097.53,1097.53,0.0,0.0,1.0,1097.53
2006-06-05 10:10:00,1097.53,1097.53,1097.53,1097.53,0.0,0.0,1.0,1097.53
2006-06-05 10:11:00,1097.53,1097.53,1097.53,1097.53,0.0,0.0,1.0,1097.53
2006-06-05 10:12:00,1097.53,1097.53,1097.53,1097.53,0.0,0.0,1.0,1097.53
2006-06-05 10:13:00,1097.53,1097.53,1097.53,1097.53,0.0,0.0,1.0,1097.53
2006-06-05 10:14:00,1097.53,1097.53,1097.53,1097.53,0.0,0.0,1.0,1097.53
2006-06-05 10:15:00,1097.53,1097.53,1097.53,1097.53,0.0,0.0,1.0,1097.53
2006-06-05 10:16:00,1097.53,1097.53,1097.53,1097.53,0.0,0.0,1.0,1097.53
2006-06-05 10:17:00,1097.53,1097.53,1097.53,1097.53,0.0,0.0,1.0,1097.53
2006-06-05 10:18:00,1097.53,1097.53,1097.53,1097.53,0.0,0.0,1.0,1097.53
2006-06-05 10:19:00,1097.53,1097.53,1097.53,1097.53,0.0,0.0,1.0,1097.53
2006-06-05 10:20:00,1097.53,1097.53,1097.53,1097.53,0.0,0.0,1.0,1097.53
2006-06-05 10:21:00,1097.53,1097.53,1097.53,1097.53,0.0,0.0,1.0,1097.53
2006-06-05 10:22:00,1097.53,1097.53,1097.53,1097.53,0.0,0.0,1.0,1097.53
2006-06-05 10:23:00,1097.53,1097.53,1097.53,1097.53,0.0,0.0,1.0,1097.53
2006-06-05 10:24:00,1097.53,1097.53,1097.53,1097.53,0.0,0.0,1.0,1097.53
2006-06-05 10:25:00,1097.53,1097.53,1097.53,1097.53,0.0,0.0,1.0,1097.53
2006-06-05 10:26:00,1097.53,1097.53,1097.53,1097.53,0.0,0.0,1.0,1097.53
2006-06-05 10:27:00,1097.53,1097.53,1097.53,1097.53,0.0,0.0,1.0,1097.53
2006-06-05 10:28:00,1097.53,1097.53,1097.53,1097.53,0.0,0.0,1.0,1097.53
2006-06-05 10:29:00,1097.53,1097.53,1097.53,1097.53,0.0,0.0,1.0,1097.53
2006-06-05 10:30:00,1097.53,1097.53,1097.53,1097.53,0.0,0.0,1.0,1097.53
2006-06-05 10:31:00,1097.53,1097.53,1097.53,1097.53,0.0,0.0,1.0,1097.53
2006-06-05 10:32:00,1097.53,1097.53,1097.53,1097.53,0.0,0.0,1.0,1097.53
2006-06-05 10:33:00,1097.53,1097.53,1097.53,1097.53,0.0,0.0,1.0,1097.53
2006-06-05 10:34:00,1097.53,1097.53,1097.53,1097.53,0.0,0.0,1.0,1097.53
2006-06-05 10:35:00,1097.53,1097.53,1097.53,1097.53,0.0,0.0,1.0,1097.53
2006-06-05 10:36:00,1097.53,1097.53,1097.53,1097.53,0.0,0.0,1.0,1097.53
2006-06-05 10:37:00,1097.53,1097.53,1097.53,1097.53,0.0,0.0,1.0,1097.53
2006-06-05 10:38:00,1097.53,1097.53,1097.53,1097.53,0.0,0.0,1.0,1097.53
2006-06-05 10:39:00,1097.53,1097.53,1097.53,1097.53,0.0,0.0,1.0,1097.53
2006-06-05 10:40:00,1097.53,1097.53,1097.53,1097.53,0.0,0.0,1.0,1097.53
2006-06-05 10:41:00,1073.66,1073.06,1073.06,1073.77,55160370000.0,0.0,1.0,1097.53
2006-06-05 10:42:00,1073.15,1073.46,1073.15,1073.55,618850000.0,3334699520.0,1.0,1073.06
2006-06-05 10:43:00,1073.44,1073.95,1073.44,1073.95,695850000.0,41593088.0,1.0,1073.46
2006-06-05 10:44:00,1074.53,1075.47,1074.53,1075.64,613320000.0,40799744.0,1.0,1073.95
2006-06-05 10:45:00,1075.39,1076.2,1075.35,1076.27,692130000.0,45602560.0,1.0,1075.47
2006-06-05 10:46:00,1076.66,1077.49,1076.63,1077.49,635720000.0,29589248.0,1.0,1076.2
2006-06-05 10:47:00,1077.55,1078.18,1077.11,1078.36,486170000.0,35273984.0,1.0,1077.49
2006-06-05 10:48:00,1078.21,1078.44,1077.81,1078.44,471360000.0,30076160.0,1.0,1078.18
2006-06-05 10:49:00,1078.52,1079.0,1078.39,1079.0,343320000.0,30238464.0,1.0,1078.44
2006-06-05 10:50:00,1078.27,1078.89,1078.27,1078.89,613740000.0,23595264.0,1.0,1079.0
2006-06-05 10:51:00,1078.51,1078.15,1078.15,1078.66,564630000.0,44589568.0,1.0,1078.89
2006-06-05 10:52:00,1078.42,1077.94,1077.74,1078.6,390790000.0,34414592.0,1.0,1078.15
2006-06-05 10:53:00,1078.05,1077.82,1077.61,1078.17,370340000.0,26696448.0,1.0,1077.94
2006-06-05 10:54:00,1078.11,1077.65,1077.46,1078.11,434700000.0,23671040.0,1.0,1077.82
2006-06-05 10:55:00,1077.48,1077.62,1077.24,1077.62,384540000.0,27227136.0,1.0,1077.65
2006-06-05 10:56:00,1077.45,1077.88,1077.18,1077.92,466760000.0,25874176.0,1.0,1077.62
2006-06-05 10:57:00,1078.03,1078.25,1077.72,1078.25,376620000.0,25921024.0,1.0,1077.88
2006-06-05 10:58:00,1077.79,1078.17,1077.79,1078.7,504980000.0,20915200.0,1.0,1078.25
2006-06-05 10:59:00,1078.59,1079.5,1078.59,1079.51,491070000.0,29907200.0,1.0,1078.17
2006-06-05 11:00:00,1079.71,1080.55,1079.71,1080.55,493350000.0,29480704.0,1.0,1079.5
2006-06-05 11:01:00,1080.69,1081.37,1080.69,1081.62,493510000.0,31686912.0,1.0,1080.55
2006-06-05 11:02:00,1081.23,1082.23,1081.23,1082.23,534540000.0,29806592.0,1.0,1081.37
2006-06-05 11:03:00,1082.2,1082.82,1082.2,1082.97,534490000.0,33916416.0,1.0,1082.23
2006-06-05 11:04:00,1083.26,1083.39,1083.26,1083.99,526840000.0,31025408.0,1.0,1082.82
2006-06-05 11:05:00,1084.01,1083.41,1083.41,1084.2,580990000.0,37166080.0,1.0,1083.39
2006-06-05 11:06:00,1083.94,1084.47,1083.91,1084.52,572310000.0,36685312.0,1.0,1083.41
2006-06-05 11:07:00,1084.03,1083.62,1083.51,1084.17,441350000.0,35868928.0,1.0,1084.47
2006-06-05 11:08:00,1084.0,1084.21,1083.95,1084.38,498530000.0,24222976.0,1.0,1083.62
2006-06-05 11:09:00,1083.79,1083.96,1083.79,1084.03,373680000.0,28007680.0,1.0,1084.21
2006-06-05 11:10:00,1084.06,1084.3,1083.88,1084.3,434370000.0,17342208.0,1.0,1083.96
2006-06-05 11:11:00,1084.06,1083.9,1083.68,1084.06,437670000.0,27128320.0,1.0,1084.3
2006-06-05 11:12:00,1083.82,1083.79,1083.36,1083.82,297950000.0,28457984.0,1.0,1083.9
2006-06-05 11:13:00,1083.38,1083.84,1083.23,1083.84,382460000.0,16898048.0,1.0,1083.79
2006-06-05 11:14:00,1083.34,1083.61,1083.24,1083.61,448390000.0,25995776.0,1.0,1083.84
2006-06-05 11:15:00,1083.58,1083.08,1082.89,1083.58,437920000.0,22102016.0,1.0,1083.61
2006-06-05 11:16:00,1082.99,1083.25,1082.99,1083.58,229630000.0,29107712.0,1.0,1083.08
2006-06-05 11:17:00,1083.26,1083.66,1083.22,1083.95,383780000.0,15156736.0,1.0,1083.25
2006-06-05 11:18:00,1083.67,1084.17,1083.34,1084.17,282480000.0,22651904.0,1.0,1083.66
2006-06-05 11:19:00,1083.93,1084.29,1083.7,1084.67,331870000.0,18984448.0,1.0,1084.17
2006-06-05 11:20:00,1084.24,1084.73,1084.0,1084.86,294280000.0,19567616.0,1.0,1084.29
2006-06-05 11:21:00,1084.84,1084.87,1084.38,1085.01,366410000.0,15785472.0,1.0,1084.73
2006-06-05 11:22:00,1084.82,1084.77,1084.26,1084.98,286450000.0,19878400.0,1.0,1084.87
2006-06-05 11:23:00,1084.74,1084.81,1084.26,1084.81,304730000.0,18475008.0,1.0,1084.77
2006-06-05 11:24:00,1084.8,1084.64,1084.29,1085.02,319140000.0,18006528.0,1.0,1084.81
2006-06-05 11:25:00,1084.9,1084.98,1084.58,1085.27,301120000.0,20058112.0,1.0,1084.64
2006-06-05 11:26:00,1084.53,1084.94,1084.47,1085.34,466570000.0,19689472.0,1.0,1084.98
2006-06-05 11:27:00,1085.0,1085.24,1084.74,1085.42,309940000.0,28351488.0,1.0,1084.94
2006-06-05 11:28:00,1085.03,1085.57,1084.47,1085.57,347540000.0,21285888.0,1.0,1085.24
2006-06-05 11:29:00,1085.63,1085.59,1085.48,1085.95,409660000.0,24846336.0,1.0,1085.57
2006-06-05 11:30:00,1085.75,1086.29,1085.73,1086.37,333940000.0,47569408.0,1.0,1085.59
2006-06-05 13:01:00,1086.69,1086.79,1086.33,1086.99,2136330000.0,6739295494.0,1.0,1086.29
2006-06-05 13:02:00,1087.39,1087.11,1087.11,1087.72,400070000.0,124333056.0,1.0,1086.79
2006-06-05 13:03:00,1087.34,1087.62,1087.34,1087.76,582700000.0,23862784.0,1.0,1087.11
2006-06-05 13:04:00,1087.51,1087.71,1087.39,1087.73,389700000.0,34407936.0,1.0,1087.62
2006-06-05 13:05:00,1087.59,1087.61,1087.31,1087.75,522510000.0,25195520.0,1.0,1087.71
2006-06-05 13:06:00,1088.08,1087.28,1087.13,1088.08,480790000.0,32590848.0,1.0,1087.61
2006-06-05 13:07:00,1087.48,1087.01,1087.01,1087.65,460950000.0,28805120.0,1.0,1087.28
2006-06-05 13:08:00,1087.2,1086.74,1086.74,1087.34,307390000.0,31043072.0,1.0,1087.01
2006-06-05 13:09:00,1086.61,1086.33,1086.33,1087.09,355390000.0,18588160.0,1.0,1086.74
2006-06-05 13:10:00,1086.59,1086.22,1086.22,1086.59,396760000.0,22542848.0,1.0,1086.33
2006-06-05 13:11:00,1086.52,1086.13,1086.13,1086.65,307410000.0,22302720.0,1.0,1086.22
2006-06-05 13:12:00,1086.26,1086.13,1085.71,1086.46,373400000.0,16951808.0,1.0,1086.13
2006-06-05 13:13:00,1085.95,1086.57,1085.95,1086.79,443410000.0,22214656.0,1.0,1086.13
2006-06-05 13:14:00,1086.84,1085.78,1085.78,1086.84,680610000.0,24387584.0,1.0,1086.57
2006-06-05 13:15:00,1086.5,1086.49,1086.1,1086.5,481470000.0,28434432.0,1.0,1085.78
2006-06-05 13:16:00,1086.37,1086.56,1086.2,1086.56,408460000.0,21101568.0,1.0,1086.49
2006-06-05 13:17:00,1086.93,1087.86,1086.83,1087.86,722900000.0,20408320.0,1.0,1086.56
2006-06-05 13:18:00,1087.95,1087.99,1087.7,1087.99,604750000.0,30920192.0,1.0,1087.86
2006-06-05 13:19:00,1088.23,1088.25,1088.05,1088.7,704400000.0,28982272.0,1.0,1087.99
2006-06-05 13:20:00,1088.81,1089.51,1088.81,1089.51,674850000.0,31754752.0,1.0,1088.25
2006-06-05 13:21:00,1089.49,1090.21,1089.49,1090.21,1134200000.0,33597440.0,1.0,1089.51
2006-06-05 13:22:00,1090.7,1091.33,1090.35,1091.33,828190000.0,44709888.0,1.0,1090.21
2006-06-05 13:23:00,1091.51,1091.95,1091.5,1091.95,597570000.0,40178688.0,1.0,1091.33
2006-06-05 13:24:00,1092.23,1093.57,1092.23,1093.57,1071380000.0,27344384.0,1.0,1091.95
2006-06-05 13:25:00,1093.66,1093.97,1093.64,1094.07,1131420000.0,54150144.0,1.0,1093.57
2006-06-05 13:26:00,1094.09,1095.47,1094.09,1095.47,1155980000.0,52204544.0,1.0,1093.97
2006-06-05 13:27:00,1095.37,1095.61,1095.37,1095.88,639380000.0,64131072.0,1.0,1095.47
2006-06-05 13:28:00,1095.63,1096.47,1095.63,1096.47,1016590000.0,28463616.0,1.0,1095.61
2006-06-05 13:29:00,1095.96,1096.76,1095.96,1096.76,875110000.0,45018624.0,1.0,1096.47
2006-06-05 13:30:00,1096.37,1095.78,1095.78,1096.41,865910000.0,43601920.0,1.0,1096.76
2006-06-05 13:31:00,1095.51,1095.1,1095.03,1095.68,877980000.0,46651392.0,1.0,1095.78
2006-06-05 13:32:00,1094.88,1094.18,1094.17,1094.88,580160000.0,42746880.0,1.0,1095.1
2006-06-05 13:33:00,1094.12,1093.14,1093.14,1094.12,705630000.0,31336448.0,1.0,1094.18
2006-06-05 13:34:00,1093.01,1092.98,1092.85,1093.01,384120000.0,40696832.0,1.0,1093.14
2006-06-05 13:35:00,1092.3,1092.39,1091.94,1092.61,644970000.0,19984384.0,1.0,1092.98
2006-06-05 13:36:00,1092.14,1092.11,1091.76,1092.14,797790000.0,35293696.0,1.0,1092.39
2006-06-05 13:37:00,1091.67,1092.09,1091.49,1092.09,588200000.0,31376896.0,1.0,1092.11
2006-06-05 13:38:00,1091.5,1092.01,1091.39,1092.01,595090000.0,31386624.0,1.0,1092.09
2006-06-05 13:39:00,1091.77,1092.18,1091.77,1092.18,566640000.0,26140160.0,1.0,1092.01
2006-06-05 13:40:00,1091.79,1091.45,1091.45,1091.85,333090000.0,26958336.0,1.0,1092.18
2006-06-05 13:41:00,1092.21,1092.05,1091.65,1092.21,543530000.0,18938368.0,1.0,1091.45
2006-06-05 13:42:00,1092.05,1092.43,1091.77,1092.43,993850000.0,27430912.0,1.0,1092.05
2006-06-05 13:43:00,1092.66,1092.34,1092.18,1092.66,1020730000.0,47596032.0,1.0,1092.43
2006-06-05 13:44:00,1092.42,1092.91,1092.28,1092.91,778800000.0,35309056.0,1.0,1092.34
2006-06-05 13:45:00,1092.64,1092.78,1092.34,1093.04,1308170000.0,32876032.0,1.0,1092.91
2006-06-05 13:46:00,1092.57,1093.06,1092.22,1093.06,1367370000.0,50952192.0,1.0,1092.78
2006-06-05 13:47:00,1092.97,1092.63,1092.46,1092.98,1175660000.0,48953856.0,1.0,1093.06
2006-06-05 13:48:00,1092.37,1092.09,1091.96,1092.74,1358950000.0,49026560.0,1.0,1092.63
2006-06-05 13:49:00,1091.93,1091.19,1091.19,1091.93,844940000.0,49844736.0,1.0,1092.09
2006-06-05 13:50:00,1091.06,1089.99,1089.99,1091.19,1073040000.0,32943104.0,1.0,1091.19
2006-06-05 13:51:00,1090.18,1089.15,1089.15,1090.18,612620000.0,46631424.0,1.0,1089.99
2006-06-05 13:52:00,1089.27,1088.43,1087.81,1089.27,934330000.0,29407744.0,1.0,1089.15
2006-06-05 13:53:00,1088.12,1087.23,1087.07,1088.17,645000000.0,42531328.0,1.0,1088.43
2006-06-05 13:54:00,1086.93,1086.78,1086.75,1087.06,542150000.0,33593344.0,1.0,1087.23
2006-06-05 13:55:00,1086.75,1087.07,1086.61,1087.47,762010000.0,28724736.0,1.0,1086.78
2006-06-05 13:56:00,1087.13,1087.7,1086.9,1087.7,579680000.0,37304832.0,1.0,1087.07
2006-06-05 13:57:00,1087.46,1088.13,1087.46,1088.13,637990000.0,29362176.0,1.0,1087.7
2006-06-05 13:58:00,1088.18,1088.87,1087.97,1088.98,677990000.0,25668096.0,1.0,1088.13
2006-06-05 13:59:00,1089.09,1089.27,1088.72,1089.35,554840000.0,26440192.0,1.0,1088.87
2006-06-05 14:00:00,1089.24,1090.4,1089.24,1090.4,1298840000.0,25867264.0,1.0,1089.27
2006-06-05 14:01:00,1089.74,1090.45,1089.74,1090.72,599130000.0,40680960.0,1.0,1090.4
2006-06-05 14:02:00,1090.19,1090.82,1090.19,1090.93,621700000.0,26116608.0,1.0,1090.45
2006-06-05 14:03:00,1090.3,1090.87,1090.3,1091.01,971420000.0,25261568.0,1.0,1090.82
2006-06-05 14:04:00,1091.01,1091.08,1090.84,1091.12,1019900000.0,37169152.0,1.0,1090.87
2006-06-05 14:05:00,1091.2,1091.52,1090.95,1091.52,662810000.0,41366528.0,1.0,1091.08
2006-06-05 14:06:00,1091.08,1091.25,1090.76,1091.53,730990000.0,28902400.0,1.0,1091.52
2006-06-05 14:07:00,1090.9,1090.91,1090.62,1091.42,557940000.0,34237440.0,1.0,1091.25
2006-06-05 14:08:00,1091.08,1091.05,1090.68,1091.26,810010000.0,25218560.0,1.0,1090.91
2006-06-05 14:09:00,1090.59,1091.83,1090.59,1091.83,663590000.0,38103552.0,1.0,1091.05
2006-06-05 14:10:00,1091.84,1091.69,1091.29,1091.88,1013630000.0,28041216.0,1.0,1091.83
2006-06-05 14:11:00,1091.65,1091.87,1091.54,1091.92,1039220000.0,38956544.0,1.0,1091.69
2006-06-05 14:12:00,1091.9,1092.93,1091.9,1092.93,1615900000.0,42359808.0,1.0,1091.87
2006-06-05 14:13:00,1093.0,1094.24,1093.0,1094.24,1801200000.0,50343936.0,1.0,1092.93
2006-06-05 14:14:00,1094.27,1095.11,1094.26,1095.11,1564630000.0,67348480.0,1.0,1094.24
2006-06-05 14:15:00,1095.32,1096.91,1095.32,1096.91,2200010000.0,60295168.0,1.0,1095.11
2006-06-05 14:16:00,1097.35,1098.11,1097.16,1098.11,1811250000.0,86757376.0,1.0,1096.91
2006-06-05 14:17:00,1098.07,1099.3,1098.07,1099.31,2323230000.0,87657472.0,1.0,1098.11
2006-06-05 14:18:00,1099.69,1100.87,1099.69,1100.87,2165030000.0,82570752.0,1.0,1099.3
2006-06-05 14:19:00,1101.23,1101.21,1100.96,1101.65,1811210000.0,89047040.0,1.0,1100.87
2006-06-05 14:20:00,1101.28,1101.59,1101.15,1101.59,1430660000.0,71659520.0,1.0,1101.21
2006-06-05 14:21:00,1101.14,1101.34,1101.07,1101.8,2055270000.0,63400960.0,1.0,1101.59
2006-06-05 14:22:00,1101.39,1100.66,1100.61,1101.39,946020000.0,77855232.0,1.0,1101.34
2006-06-05 14:23:00,1100.26,1099.58,1099.58,1100.26,1001870000.0,48613888.0,1.0,1100.66
2006-06-05 14:24:00,1099.76,1098.91,1098.66,1099.76,916170000.0,44000256.0,1.0,1099.58
2006-06-05 14:25:00,1098.58,1098.04,1097.99,1098.68,978360000.0,40059392.0,1.0,1098.91
2006-06-05 14:26:00,1098.07,1098.69,1098.07,1098.9,761960000.0,41504256.0,1.0,1098.04
2006-06-05 14:27:00,1098.54,1099.05,1098.39,1099.05,1060180000.0,35279872.0,1.0,1098.69
2006-06-05 14:28:00,1099.07,1099.39,1098.9,1099.39,958990000.0,41601536.0,1.0,1099.05
2006-06-05 14:29:00,1099.55,1099.34,1099.04,1099.96,1069990000.0,42860544.0,1.0,1099.39
2006-06-05 14:30:00,1099.48,1099.53,1099.26,1099.84,773270000.0,45885440.0,1.0,1099.34
2006-06-05 14:31:00,1099.68,1099.68,1099.42,1099.96,591930000.0,35918848.0,1.0,1099.53
2006-06-05 14:32:00,1100.14,1099.97,1099.52,1100.14,567110000.0,31420928.0,1.0,1099.68
2006-06-05 14:33:00,1099.59,1099.82,1099.59,1100.15,951480000.0,31413760.0,1.0,1099.97
2006-06-05 14:34:00,1100.06,1100.2,1099.98,1100.6,809880000.0,43147776.0,1.0,1099.82
2006-06-05 14:35:00,1099.83,1099.28,1099.28,1099.98,1031810000.0,40118272.0,1.0,1100.2
2006-06-05 14:36:00,1099.78,1099.76,1099.06,1099.87,744550000.0,47324160.0,1.0,1099.28
2006-06-05 14:37:00,1099.86,1099.5,1099.15,1099.86,615920000.0,38040064.0,1.0,1099.76
2006-06-05 14:38:00,1099.06,1099.06,1098.77,1099.47,622360000.0,31863808.0,1.0,1099.5
2006-06-05 14:39:00,1099.21,1098.74,1098.72,1099.21,578190000.0,31849984.0,1.0,1099.06
2006-06-05 14:40:00,1098.7,1098.92,1098.7,1099.33,623150000.0,29818880.0,1.0,1098.74
2006-06-05 14:41:00,1098.97,1098.69,1098.69,1099.1,563440000.0,33538048.0,1.0,1098.92
2006-06-05 14:42:00,1098.62,1098.6,1098.6,1099.26,638080000.0,29821952.0,1.0,1098.69
2006-06-05 14:43:00,1098.6,1098.94,1098.58,1098.94,536640000.0,32000000.0,1.0,1098.6
2006-06-05 14:44:00,1098.84,1098.91,1098.59,1099.07,466930000.0,30038016.0,1.0,1098.94
2006-06-05 14:45:00,1098.89,1098.37,1098.37,1099.35,980500000.0,24033280.0,1.0,1098.91
2006-06-05 14:46:00,1098.78,1098.85,1098.76,1099.17,768320000.0,51774464.0,1.0,1098.37
2006-06-05 14:47:00,1098.86,1099.14,1098.71,1099.14,781400000.0,37377024.0,1.0,1098.85
2006-06-05 14:48:00,1099.19,1099.08,1098.7,1099.24,795440000.0,38233088.0,1.0,1099.14
2006-06-05 14:49:00,1099.22,1099.74,1099.11,1099.74,914820000.0,44212224.0,1.0,1099.08
2006-06-05 14:50:00,1099.35,1099.41,1099.35,1099.77,786380000.0,43084800.0,1.0,1099.74
2006-06-05 14:51:00,1099.77,1100.55,1099.52,1100.55,1036640000.0,38273024.0,1.0,1099.41
2006-06-05 14:52:00,1100.16,1100.45,1099.94,1100.61,873800000.0,51376128.0,1.0,1100.55
2006-06-05 14:53:00,1100.25,1101.07,1100.25,1101.09,1058000000.0,44616704.0,1.0,1100.45
2006-06-05 14:54:00,1100.57,1101.07,1100.57,1101.14,1248380000.0,47469568.0,1.0,1101.07
2006-06-05 14:55:00,1101.1,1101.28,1101.06,1101.33,756940000.0,58828800.0,1.0,1101.07
2006-06-05 14:56:00,1101.53,1101.57,1101.52,1101.57,1003580000.0,40537088.0,1.0,1101.28
2006-06-05 14:57:00,1101.62,1101.86,1101.2,1101.86,1079960000.0,51681280.0,1.0,1101.57
2006-06-05 14:58:00,1102.18,1102.0,1101.64,1102.18,727180000.0,58287104.0,1.0,1101.86
2006-06-05 14:59:00,1101.53,1102.46,1101.53,1102.46,2478160000.0,35904512.0,1.0,1102.0
2006-06-05 15:00:00,1102.81,1102.9,1102.7,1103.0,776160000.0,152978432.0,1.0,1102.46
2006-06-06 09:31:00,1101.54,1097.36,1097.24,1101.54,35932900.0,3951334679940.0,1.0,1102.9
2006-06-06 09:32:00,1097.28,1095.3,1095.3,1097.28,9742400.0,170713040.0,1.0,1097.36
2006-06-06 09:33:00,1095.69,1094.22,1094.14,1095.69,11120500.0,45825536.0,1.0,1095.3
2006-06-06 09:34:00,1094.29,1095.07,1094.28,1095.07,12288400.0,55825456.0,1.0,1094.22
2006-06-06 09:35:00,1095.11,1095.62,1095.02,1095.62,10203500.0,58234240.0,1.0,1095.07
2006-06-06 09:36:00,1095.4,1096.96,1095.4,1096.96,11529800.0,58745184.0,1.0,1095.62
2006-06-06 09:37:00,1097.19,1098.46,1096.91,1098.57,14382400.0,49176000.0,1.0,1096.96
2006-06-06 09:38:00,1098.04,1099.81,1098.04,1099.81,9217600.0,78574400.0,1.0,1098.46
2006-06-06 09:39:00,1099.98,1100.52,1099.67,1101.17,9521500.0,50618400.0,1.0,1099.81
2006-06-06 09:40:00,1100.91,1101.57,1100.83,1101.57,10232900.0,50763840.0,1.0,1100.52
2006-06-06 09:41:00,1101.39,1101.95,1101.22,1101.95,11510700.0,52134528.0,1.0,1101.57
2006-06-06 09:42:00,1101.97,1101.74,1101.61,1101.97,11704400.0,62149184.0,1.0,1101.95
2006-06-06 09:43:00,1101.88,1101.63,1101.32,1102.02,11113400.0,60591488.0,1.0,1101.74
2006-06-06 09:44:00,1101.58,1101.17,1101.17,1101.93,7952500.0,60829824.0,1.0,1101.63
2006-06-06 09:45:00,1101.25,1100.23,1100.23,1101.25,12384600.0,40960320.0,1.0,1101.17
2006-06-06 09:46:00,1100.4,1100.1,1100.07,1100.67,8284000.0,70211072.0,1.0,1100.23
2006-06-06 09:47:00,1100.03,1099.49,1099.47,1100.22,11776700.0,39208768.0,1.0,1100.1
2006-06-06 09:48:00,1099.81,1099.15,1099.15,1099.83,8745900.0,56658176.0,1.0,1099.49
2006-06-06 09:49:00,1099.24,1099.16,1099.05,1099.81,7004200.0,48035072.0,1.0,1099.15
2006-06-06 09:50:00,1099.43,1099.3,1098.92,1099.46,8878000.0,37144192.0,1.0,1099.16
2006-06-06 09:51:00,1099.14,1098.96,1098.65,1099.14,6907800.0,46568960.0,1.0,1099.3
2006-06-06 09:52:00,1099.29,1099.36,1098.79,1099.44,4951900.0,39380224.0,1.0,1098.96
2006-06-06 09:53:00,1099.34,1099.22,1099.04,1099.49,8774000.0,36353152.0,1.0,1099.36
2006-06-06 09:54:00,1099.62,1099.57,1099.21,1099.76,6919900.0,38425472.0,1.0,1099.22
2006-06-06 09:55:00,1099.75,1100.27,1099.56,1100.27,8140300.0,37032704.0,1.0,1099.57
2006-06-06 09:56:00,1100.56,1100.29,1100.18,1100.79,7882100.0,43047808.0,1.0,1100.27
2006-06-06 09:57:00,1100.73,1101.13,1100.7,1101.15,9650900.0,43942144.0,1.0,1100.29
2006-06-06 09:58:00,1101.07,1101.76,1101.07,1101.76,6123200.0,50996224.0,1.0,1101.13
2006-06-06 09:59:00,1101.56,1102.27,1101.52,1102.27,6166400.0,37292416.0,1.0,1101.76
2006-06-06 10:00:00,1101.61,1102.28,1101.56,1102.28,6649100.0,34070144.0,1.0,1102.27
2006-06-06 10:01:00,1102.14,1102.83,1102.01,1102.83,6815800.0,39629824.0,1.0,1102.28
2006-06-06 10:02:00,1102.78,1102.57,1102.45,1102.85,11246000.0,38654208.0,1.0,1102.83
2006-06-06 10:03:00,1102.76,1102.7,1102.27,1102.76,6631600.0,54135936.0,1.0,1102.57
2006-06-06 10:04:00,1102.52,1102.21,1102.07,1102.63,7344700.0,43730048.0,1.0,1102.7
2006-06-06 10:05:00,1102.35,1101.93,1101.93,1102.55,5867600.0,33479808.0,1.0,1102.21
2006-06-06 10:06:00,1101.92,1101.53,1101.48,1102.19,6639800.0,34664192.0,1.0,1101.93
2006-06-06 10:07:00,1101.34,1100.57,1100.51,1101.34,10412700.0,36352512.0,1.0,1101.53
2006-06-06 10:08:00,1100.77,1099.85,1099.85,1100.77,4902800.0,55897856.0,1.0,1100.57
2006-06-06 10:09:00,1099.83,1099.69,1099.28,1100.22,5852300.0,31231488.0,1.0,1099.85
2006-06-06 10:10:00,1099.37,1098.99,1098.99,1099.59,5242500.0,29486464.0,1.0,1099.69
2006-06-06 10:11:00,1099.34,1099.4,1098.99,1099.62,7851500.0,39508224.0,1.0,1098.99
2006-06-06 10:12:00,1098.96,1099.34,1098.79,1099.34,7758300.0,31538432.0,1.0,1099.4
2006-06-06 10:13:00,1099.43,1099.28,1098.97,1099.43,5754800.0,34387968.0,1.0,1099.34
2006-06-06 10:14:00,1098.91,1099.62,1098.91,1099.78,7890700.0,30220544.0,1.0,1099.28
2006-06-06 10:15:00,1099.76,1099.55,1099.4,1099.97,5408000.0,49323264.0,1.0,1099.62
2006-06-06 10:16:00,1099.94,1100.08,1099.39,1100.08,5863100.0,28905856.0,1.0,1099.55
2006-06-06 10:17:00,1099.75,1100.18,1099.71,1100.29,11165700.0,38587392.0,1.0,1100.08
2006-06-06 10:18:00,1099.84,1100.43,1099.84,1100.64,6633600.0,59734528.0,1.0,1100.18
2006-06-06 10:19:00,1100.69,1100.72,1100.34,1100.96,6559900.0,43939328.0,1.0,1100.43
2006-06-06 10:20:00,1100.62,1101.81,1100.62,1101.81,8412300.0,36726272.0,1.0,1100.72
2006-06-06 10:21:00,1101.9,1102.16,1101.41,1102.3,7317800.0,55870208.0,1.0,1101.81
2006-06-06 10:22:00,1102.36,1102.7,1102.15,1102.94,7884500.0,46146048.0,1.0,1102.16
2006-06-06 10:23:00,1102.77,1102.58,1102.58,1103.14,6512000.0,54746112.0,1.0,1102.7
2006-06-06 10:24:00,1102.99,1103.01,1102.71,1103.39,7373500.0,41683712.0,1.0,1102.58
2006-06-06 10:25:00,1103.22,1103.25,1102.94,1103.9,5725600.0,46507776.0,1.0,1103.01
2006-06-06 10:26:00,1103.57,1103.9,1103.44,1103.9,7360300.0,38063360.0,1.0,1103.25
2006-06-06 10:27:00,1104.01,1104.48,1103.67,1104.48,6544100.0,43616512.0,1.0,1103.9
2006-06-06 10:28:00,1104.28,1104.85,1104.28,1104.85,7690800.0,43183104.0,1.0,1104.48
2006-06-06 10:29:00,1104.83,1104.89,1104.68,1105.35,6539800.0,45435136.0,1.0,1104.85
2006-06-06 10:30:00,1105.54,1105.12,1104.98,1105.54,5253400.0,37078528.0,1.0,1104.89
2006-06-06 10:31:00,1105.61,1108.3,1105.61,1109.28,8428600.0,31939328.0,1.0,1105.12
2006-06-06 10:32:00,1108.48,1108.57,1108.33,1108.72,7139200.0,44113152.0,1.0,1108.3
2006-06-06 10:33:00,1108.56,1108.85,1108.56,1109.01,5281300.0,37862656.0,1.0,1108.57
2006-06-06 10:34:00,1108.74,1108.94,1108.74,1109.05,6988600.0,33134848.0,1.0,1108.85
2006-06-06 10:35:00,1109.07,1109.01,1108.82,1109.4,7218900.0,45811712.0,1.0,1108.94
2006-06-06 10:36:00,1109.14,1108.86,1108.86,1109.41,5645900.0,46102272.0,1.0,1109.01
2006-06-06 10:37:00,1109.05,1109.58,1109.0,1109.73,6212400.0,33181184.0,1.0,1108.86
2006-06-06 10:38:00,1109.7,1109.76,1109.17,1109.86,6470000.0,36475136.0,1.0,1109.58
2006-06-06 10:39:00,1109.82,1110.22,1109.79,1110.27,5128200.0,37967104.0,1.0,1109.76
2006-06-06 10:40:00,1109.82,1110.48,1109.82,1110.48,6200000.0,34440960.0,1.0,1110.22
2006-06-06 10:41:00,1110.25,1110.04,1109.67,1110.32,8093300.0,39071744.0,1.0,1110.48
2006-06-06 10:42:00,1109.55,1109.29,1109.0,1109.88,10484400.0,48669952.0,1.0,1110.04
2006-06-06 10:43:00,1109.51,1109.12,1108.89,1109.51,5983300.0,60751616.0,1.0,1109.29
2006-06-06 10:44:00,1109.21,1108.38,1108.35,1109.21,6918900.0,38934016.0,1.0,1109.12
2006-06-06 10:45:00,1108.79,1108.42,1108.09,1108.79,4553400.0,37170944.0,1.0,1108.38
2006-06-06 10:46:00,1108.09,1108.44,1107.83,1108.67,5925200.0,29931776.0,1.0,1108.42
2006-06-06 10:47:00,1108.13,1108.26,1108.05,1108.6,7307000.0,31732224.0,1.0,1108.44
2006-06-06 10:48:00,1108.7,1108.7,1108.25,1108.7,7670700.0,42593024.0,1.0,1108.26
2006-06-06 10:49:00,1108.62,1109.13,1108.33,1109.22,7337100.0,50824704.0,1.0,1108.7
2006-06-06 10:50:00,1109.21,1110.06,1109.21,1110.16,9372000.0,47809792.0,1.0,1109.13
2006-06-06 10:51:00,1109.87,1110.9,1109.87,1110.93,7619200.0,55731456.0,1.0,1110.06
2006-06-06 10:52:00,1110.68,1111.27,1110.68,1111.58,8248400.0,50042624.0,1.0,1110.9
2006-06-06 10:53:00,1111.3,1111.96,1111.3,1112.2,9842600.0,54831104.0,1.0,1111.27
2006-06-06 10:54:00,1111.95,1112.28,1111.95,1113.04,12072500.0,59148544.0,1.0,1111.96
2006-06-06 10:55:00,1112.42,1113.13,1112.42,1113.19,11726000.0,82788096.0,1.0,1112.28
2006-06-06 10:56:00,1113.03,1113.33,1112.7,1113.38,7847100.0,76237312.0,1.0,1113.13
2006-06-06 10:57:00,1113.55,1114.01,1113.37,1114.01,9502800.0,50078464.0,1.0,1113.33
2006-06-06 10:58:00,1113.97,1113.62,1113.62,1114.09,8932500.0,54580480.0,1.0,1114.01
2006-06-06 10:59:00,1113.91,1113.61,1113.3,1113.91,7853400.0,48784896.0,1.0,1113.62
2006-06-06 11:00:00,1113.26,1112.98,1112.98,1113.53,6303300.0,50145792.0,1.0,1113.61
2006-06-06 11:01:00,1112.72,1112.4,1112.03,1112.91,7307200.0,36940800.0,1.0,1112.98
2006-06-06 11:02:00,1112.22,1111.5,1111.5,1112.5,5504700.0,46894336.0,1.0,1112.4
2006-06-06 11:03:00,1111.59,1111.15,1110.91,1111.8,5011400.0,34056448.0,1.0,1111.5
2006-06-06 11:04:00,1110.82,1110.89,1110.61,1110.99,4673100.0,29635072.0,1.0,1111.15
2006-06-06 11:05:00,1110.92,1110.84,1110.78,1110.92,3586800.0,28445696.0,1.0,1110.89
2006-06-06 11:06:00,1110.49,1110.58,1110.48,1110.87,3915100.0,22460416.0,1.0,1110.84
2006-06-06 11:07:00,1110.7,1110.68,1110.42,1111.02,6062000.0,23314944.0,1.0,1110.58
2006-06-06 11:08:00,1110.95,1110.45,1110.37,1111.01,4600200.0,30710784.0,1.0,1110.68
2006-06-06 11:09:00,1110.83,1110.84,1110.44,1110.91,4880700.0,25379840.0,1.0,1110.45
2006-06-06 11:10:00,1110.6,1110.44,1110.19,1111.07,4225700.0,27948544.0,1.0,1110.84
2006-06-06 11:11:00,1110.32,1110.36,1110.28,1110.81,6655700.0,29637120.0,1.0,1110.44
2006-06-06 11:12:00,1110.58,1109.9,1109.78,1110.58,5352900.0,32351744.0,1.0,1110.36
2006-06-06 11:13:00,1109.66,1109.33,1109.1,1109.77,6560100.0,29501952.0,1.0,1109.9
2006-06-06 11:14:00,1109.56,1108.51,1108.51,1109.56,10625500.0,37599744.0,1.0,1109.33
2006-06-06 11:15:00,1108.37,1107.23,1107.23,1108.49,9686200.0,44261376.0,1.0,1108.51
2006-06-06 11:16:00,1106.9,1106.01,1106.01,1107.16,8497700.0,52318720.0,1.0,1107.23
2006-06-06 11:17:00,1105.73,1104.83,1104.8,1105.98,8736000.0,48626176.0,1.0,1106.01
2006-06-06 11:18:00,1104.95,1103.61,1103.61,1104.95,11505200.0,51174912.0,1.0,1104.83
2006-06-06 11:19:00,1103.57,1103.09,1103.08,1103.6,8712100.0,57518080.0,1.0,1103.61
2006-06-06 11:20:00,1103.2,1102.85,1102.73,1103.35,8191700.0,49624576.0,1.0,1103.09
2006-06-06 11:21:00,1102.91,1103.07,1102.69,1103.07,6617600.0,41523200.0,1.0,1102.85
2006-06-06 11:22:00,1103.19,1103.4,1103.08,1103.61,9200100.0,34719232.0,1.0,1103.07
2006-06-06 11:23:00,1103.41,1104.63,1103.41,1104.63,4711800.0,45459968.0,1.0,1103.4
2006-06-06 11:24:00,1104.89,1105.34,1104.46,1105.36,7340000.0,27332608.0,1.0,1104.63
2006-06-06 11:25:00,1105.07,1105.67,1105.07,1105.67,8643900.0,36861440.0,1.0,1105.34
2006-06-06 11:26:00,1105.44,1105.77,1105.44,1106.09,4890400.0,43915776.0,1.0,1105.67
2006-06-06 11:27:00,1105.63,1106.13,1105.63,1106.31,5167000.0,25153536.0,1.0,1105.77
2006-06-06 11:28:00,1106.1,1106.62,1106.1,1106.79,4423700.0,24228352.0,1.0,1106.13
2006-06-06 11:29:00,1106.38,1107.1,1106.38,1107.15,3075700.0,20975104.0,1.0,1106.62
2006-06-06 11:30:00,1106.63,1107.06,1106.63,1107.08,5952900.0,42772992.0,1.0,1107.1
2006-06-06 13:01:00,1106.89,1107.05,1106.67,1107.21,17750500.0,1575948089.0,1.0,1107.06
2006-06-06 13:02:00,1106.89,1106.61,1106.61,1107.06,3650900.0,89985024.0,1.0,1107.05
2006-06-06 13:03:00,1106.81,1106.52,1106.24,1107.02,3265800.0,20924928.0,1.0,1106.61
2006-06-06 13:04:00,1106.66,1106.47,1106.47,1106.94,3789200.0,19524096.0,1.0,1106.52
2006-06-06 13:05:00,1106.91,1106.39,1106.28,1106.91,3681900.0,21699584.0,1.0,1106.47
2006-06-06 13:06:00,1106.7,1106.33,1106.2,1106.7,3364500.0,21766144.0,1.0,1106.39
2006-06-06 13:07:00,1106.13,1106.04,1106.04,1106.52,3103000.0,18305024.0,1.0,1106.33
2006-06-06 13:08:00,1106.43,1105.84,1105.84,1106.5,5522600.0,16831488.0,1.0,1106.04
2006-06-06 13:09:00,1106.14,1106.03,1105.87,1106.29,3943100.0,31640576.0,1.0,1105.84
2006-06-06 13:10:00,1106.23,1106.19,1105.92,1106.41,4249900.0,22766080.0,1.0,1106.03
2006-06-06 13:11:00,1106.35,1106.23,1106.02,1106.44,3777100.0,24965120.0,1.0,1106.19
2006-06-06 13:12:00,1106.04,1105.62,1105.62,1106.5,4940900.0,21221376.0,1.0,1106.23
2006-06-06 13:13:00,1105.53,1106.12,1105.53,1106.14,3309500.0,28857856.0,1.0,1105.62
2006-06-06 13:14:00,1105.56,1105.36,1105.24,1105.72,4655000.0,21438464.0,1.0,1106.12
2006-06-06 13:15:00,1105.05,1105.05,1105.02,1105.35,3110800.0,28738048.0,1.0,1105.36
2006-06-06 13:16:00,1105.02,1105.38,1105.02,1105.56,5269500.0,16851456.0,1.0,1105.05
2006-06-06 13:17:00,1105.45,1105.29,1105.21,1105.72,3900800.0,25748992.0,1.0,1105.38
2006-06-06 13:18:00,1105.37,1105.75,1105.23,1105.75,3503800.0,17905664.0,1.0,1105.29
2006-06-06 13:19:00,1105.45,1105.84,1105.45,1105.98,3375900.0,22008320.0,1.0,1105.75
2006-06-06 13:20:00,1106.16,1106.23,1106.02,1106.28,4312600.0,25940480.0,1.0,1105.84
2006-06-06 13:21:00,1105.91,1106.13,1105.87,1106.31,3548900.0,20727808.0,1.0,1106.23
2006-06-06 13:22:00,1106.48,1106.58,1106.04,1106.58,3414300.0,19736576.0,1.0,1106.13
2006-06-06 13:23:00,1106.8,1107.34,1106.54,1107.73,5617600.0,17664000.0,1.0,1106.58
2006-06-06 13:24:00,1107.34,1108.21,1107.34,1108.21,4132800.0,32433664.0,1.0,1107.34
2006-06-06 13:25:00,1108.41,1108.27,1108.0,1108.44,4649900.0,22672384.0,1.0,1108.21
2006-06-06 13:26:00,1108.15,1108.82,1108.15,1108.82,4142300.0,25424896.0,1.0,1108.27
2006-06-06 13:27:00,1109.23,1110.12,1109.23,1110.13,5165300.0,27278848.0,1.0,1108.82
2006-06-06 13:28:00,1109.57,1110.16,1109.57,1110.26,4298000.0,32506368.0,1.0,1110.12
2006-06-06 13:29:00,1109.71,1110.01,1109.71,1110.01,4227100.0,25075712.0,1.0,1110.16
2006-06-06 13:30:00,1109.87,1109.91,1109.43,1109.91,4227200.0,23232000.0,1.0,1110.01
2006-06-06 13:31:00,1109.74,1109.45,1109.05,1109.74,5225500.0,24898048.0,1.0,1109.91
2006-06-06 13:32:00,1109.29,1108.64,1108.64,1109.35,3164100.0,28579840.0,1.0,1109.45
2006-06-06 13:33:00,1109.15,1108.63,1108.6,1109.15,4205900.0,21375488.0,1.0,1108.64
2006-06-06 13:34:00,1108.5,1108.06,1107.95,1108.5,2666500.0,25753088.0,1.0,1108.63
2006-06-06 13:35:00,1107.71,1107.6,1107.52,1107.81,3835400.0,16988672.0,1.0,1108.06
2006-06-06 13:36:00,1107.95,1107.06,1107.06,1107.95,3515600.0,22351872.0,1.0,1107.6
2006-06-06 13:37:00,1107.16,1107.41,1106.96,1107.41,4144500.0,20646400.0,1.0,1107.06
2006-06-06 13:38:00,1106.91,1106.93,1106.91,1107.38,3830300.0,30236160.0,1.0,1107.41
2006-06-06 13:39:00,1106.83,1107.12,1106.77,1107.12,2822300.0,21768192.0,1.0,1106.93
2006-06-06 13:40:00,1106.89,1106.82,1106.82,1107.32,3817300.0,16051200.0,1.0,1107.12
2006-06-06 13:41:00,1107.04,1106.71,1106.71,1107.52,2850400.0,22821888.0,1.0,1106.82
2006-06-06 13:42:00,1107.26,1107.32,1107.06,1107.5,3365100.0,15467008.0,1.0,1106.71
2006-06-06 13:43:00,1107.21,1107.23,1107.13,1107.47,3598000.0,17940480.0,1.0,1107.32
2006-06-06 13:44:00,1107.13,1106.78,1106.78,1107.37,4211600.0,16345088.0,1.0,1107.23
2006-06-06 13:45:00,1107.43,1106.68,1106.68,1107.43,2563700.0,24228864.0,1.0,1106.78
2006-06-06 13:46:00,1106.79,1106.14,1105.92,1106.79,7480200.0,13858816.0,1.0,1106.68
2006-06-06 13:47:00,1105.36,1104.77,1104.76,1105.7,6114800.0,38891520.0,1.0,1106.14
2006-06-06 13:48:00,1104.3,1103.26,1103.26,1104.42,6335100.0,33412608.0,1.0,1104.77
2006-06-06 13:49:00,1102.88,1102.32,1102.32,1103.01,7203300.0,38365184.0,1.0,1103.26
2006-06-06 13:50:00,1102.04,1101.41,1101.41,1102.04,6327600.0,37395968.0,1.0,1102.32
2006-06-06 13:51:00,1101.3,1100.94,1100.94,1101.46,8559000.0,47480832.0,1.0,1101.41
2006-06-06 13:52:00,1101.13,1100.9,1100.88,1101.18,6006000.0,31019520.0,1.0,1100.94
2006-06-06 13:53:00,1101.22,1101.38,1101.02,1101.78,6405500.0,33789952.0,1.0,1100.9
2006-06-06 13:54:00,1101.75,1102.02,1101.72,1102.03,4448200.0,31081472.0,1.0,1101.38
2006-06-06 13:55:00,1102.44,1102.73,1102.36,1102.96,3935000.0,26068992.0,1.0,1102.02
2006-06-06 13:56:00,1102.8,1103.67,1102.8,1103.67,3723900.0,24932864.0,1.0,1102.73
2006-06-06 13:57:00,1103.81,1103.92,1103.54,1103.92,4013700.0,22396928.0,1.0,1103.67
2006-06-06 13:58:00,1104.13,1103.8,1103.8,1104.39,2257000.0,25911296.0,1.0,1103.92
2006-06-06 13:59:00,1103.87,1104.0,1103.87,1104.44,3480200.0,14345216.0,1.0,1103.8
2006-06-06 14:00:00,1104.17,1103.82,1103.77,1104.18,2680000.0,22047232.0,1.0,1104.0
2006-06-06 14:01:00,1103.84,1103.94,1103.38,1104.36,4554300.0,17403904.0,1.0,1103.82
2006-06-06 14:02:00,1103.51,1103.49,1103.06,1103.72,2990600.0,27617792.0,1.0,1103.94
2006-06-06 14:03:00,1103.48,1103.09,1103.09,1103.53,2833500.0,19257344.0,1.0,1103.49
2006-06-06 14:04:00,1103.27,1103.15,1102.92,1103.55,3183900.0,16617472.0,1.0,1103.09
2006-06-06 14:05:00,1103.37,1102.96,1102.96,1103.37,2609700.0,17345024.0,1.0,1103.15
2006-06-06 14:06:00,1103.25,1103.28,1102.78,1103.28,5117500.0,15072256.0,1.0,1102.96
2006-06-06 14:07:00,1103.07,1103.38,1102.98,1103.49,5072700.0,29320192.0,1.0,1103.28
2006-06-06 14:08:00,1103.21,1103.43,1103.11,1103.43,3307700.0,27035648.0,1.0,1103.38
2006-06-06 14:09:00,1103.14,1103.27,1103.14,1103.42,2620300.0,22216704.0,1.0,1103.43
2006-06-06 14:10:00,1103.64,1103.26,1103.13,1103.64,2799200.0,14786560.0,1.0,1103.27
2006-06-06 14:11:00,1103.31,1103.37,1103.09,1104.01,5198800.0,15870464.0,1.0,1103.26
2006-06-06 14:12:00,1103.91,1103.77,1103.53,1104.07,2919900.0,25502208.0,1.0,1103.37
2006-06-06 14:13:00,1103.84,1103.6,1103.47,1104.09,4412000.0,17116672.0,1.0,1103.77
2006-06-06 14:14:00,1104.0,1103.56,1103.49,1104.0,3680600.0,23659520.0,1.0,1103.6
2006-06-06 14:15:00,1103.74,1103.5,1103.43,1103.74,2580100.0,21429760.0,1.0,1103.56
2006-06-06 14:16:00,1103.29,1102.86,1102.86,1103.42,4949100.0,16594944.0,1.0,1103.5
2006-06-06 14:17:00,1102.83,1102.82,1102.5,1103.08,4470000.0,29744128.0,1.0,1102.86
2006-06-06 14:18:00,1102.46,1101.82,1101.82,1102.46,6752300.0,25284096.0,1.0,1102.82
2006-06-06 14:19:00,1101.6,1100.97,1100.97,1101.6,6480500.0,36251648.0,1.0,1101.82
2006-06-06 14:20:00,1100.77,1099.95,1099.87,1100.77,9146100.0,38360576.0,1.0,1100.97
2006-06-06 14:21:00,1099.67,1098.96,1098.96,1099.67,9117800.0,40213504.0,1.0,1099.95
2006-06-06 14:22:00,1098.86,1098.69,1098.38,1099.06,7174400.0,46054912.0,1.0,1098.96
2006-06-06 14:23:00,1098.18,1098.04,1098.04,1098.44,5611000.0,40566784.0,1.0,1098.69
2006-06-06 14:24:00,1098.09,1098.57,1098.09,1098.65,4400500.0,30049280.0,1.0,1098.04
2006-06-06 14:25:00,1098.16,1098.57,1098.16,1098.69,7284700.0,23098880.0,1.0,1098.57
2006-06-06 14:26:00,1098.69,1099.35,1098.69,1099.35,3829800.0,38236160.0,1.0,1098.57
2006-06-06 14:27:00,1099.25,1099.67,1099.25,1099.67,6497400.0,21978624.0,1.0,1099.35
2006-06-06 14:28:00,1099.91,1100.29,1099.85,1100.29,4129600.0,37438464.0,1.0,1099.67
2006-06-06 14:29:00,1100.37,1100.8,1100.19,1100.8,4742900.0,23902208.0,1.0,1100.29
2006-06-06 14:30:00,1100.68,1100.68,1100.3,1101.19,4497800.0,29810176.0,1.0,1100.8
2006-06-06 14:31:00,1100.81,1101.05,1100.75,1101.32,4232700.0,25790976.0,1.0,1100.68
2006-06-06 14:32:00,1101.04,1101.03,1100.89,1101.1,3273100.0,24852992.0,1.0,1101.05
2006-06-06 14:33:00,1101.0,1100.38,1100.38,1101.15,4409000.0,18637312.0,1.0,1101.03
2006-06-06 14:34:00,1100.47,1100.52,1100.42,1100.74,5050700.0,27051008.0,1.0,1100.38
2006-06-06 14:35:00,1100.18,1100.02,1099.89,1100.36,3695000.0,29387264.0,1.0,1100.52
2006-06-06 14:36:00,1099.99,1099.96,1099.75,1099.99,6196800.0,20374016.0,1.0,1100.02
2006-06-06 14:37:00,1099.71,1099.91,1099.48,1099.91,5621900.0,33744384.0,1.0,1099.96
2006-06-06 14:38:00,1099.59,1099.57,1099.05,1099.59,4621800.0,30254080.0,1.0,1099.91
2006-06-06 14:39:00,1099.42,1099.21,1099.11,1099.42,5550400.0,27150848.0,1.0,1099.57
2006-06-06 14:40:00,1098.99,1099.0,1098.95,1099.11,4717600.0,29322752.0,1.0,1099.21
2006-06-06 14:41:00,1098.8,1099.1,1098.8,1099.71,5370600.0,26649088.0,1.0,1099.0
2006-06-06 14:42:00,1099.24,1099.27,1098.87,1099.45,6140000.0,30428672.0,1.0,1099.1
2006-06-06 14:43:00,1099.12,1099.08,1099.05,1099.46,5562900.0,29391872.0,1.0,1099.27
2006-06-06 14:44:00,1099.39,1099.42,1099.1,1099.49,3909800.0,30904320.0,1.0,1099.08
2006-06-06 14:45:00,1099.61,1099.14,1099.14,1099.61,5831700.0,23459328.0,1.0,1099.42
2006-06-06 14:46:00,1099.63,1099.9,1099.26,1099.9,5967300.0,36072448.0,1.0,1099.14
2006-06-06 14:47:00,1099.79,1099.77,1099.39,1099.96,5074000.0,34980352.0,1.0,1099.9
2006-06-06 14:48:00,1099.76,1099.87,1099.68,1099.87,5544000.0,30382080.0,1.0,1099.77
2006-06-06 14:49:00,1099.85,1099.86,1099.34,1099.95,7988700.0,28280320.0,1.0,1099.87
2006-06-06 14:50:00,1099.96,1099.93,1099.91,1100.2,7072000.0,38477824.0,1.0,1099.86
2006-06-06 14:51:00,1100.04,1100.37,1099.87,1100.37,7250900.0,39120384.0,1.0,1099.93
2006-06-06 14:52:00,1100.13,1100.15,1100.13,1100.44,6385300.0,40773120.0,1.0,1100.37
2006-06-06 14:53:00,1100.12,1100.31,1100.03,1100.68,5266600.0,38138368.0,1.0,1100.15
2006-06-06 14:54:00,1100.41,1100.08,1100.08,1100.66,7078800.0,34045440.0,1.0,1100.31
2006-06-06 14:55:00,1100.51,1100.14,1100.14,1100.51,7074100.0,40113152.0,1.0,1100.08
2006-06-06 14:56:00,1100.76,1100.24,1100.22,1100.76,6948900.0,38418432.0,1.0,1100.14
2006-06-06 14:57:00,1100.56,1100.3,1100.3,1100.71,9427800.0,39908864.0,1.0,1100.24
2006-06-06 14:58:00,1100.72,1100.5,1100.12,1100.72,8339200.0,47931392.0,1.0,1100.3
2006-06-06 14:59:00,1100.52,1100.25,1100.08,1100.52,8741600.0,51266560.0,1.0,1100.5
2006-06-06 15:00:00,1100.39,1100.56,1100.21,1101.13,8390700.0,98179072.0,1.0,1100.25
